Grand Prix,Date,Winner,Winner Abbreviation,Car,Laps,Time
Great Britain,13 May 1950,Nino Farina,FAR,Alfa Romeo,70.0,2:13:23.600
Monaco,21 May 1950,Juan Manuel Fangio,FAN,Alfa Romeo,100.0,3:13:18.700
Indianapolis 500,30 May 1950,Johnnie Parsons,PAR,Kurtis Kraft Offenhauser,138.0,2:46:55.970
Switzerland,04 Jun 1950,Nino Farina,FAR,Alfa Romeo,42.0,2:02:53.700
Belgium,18 Jun 1950,Juan Manuel Fangio,FAN,Alfa Romeo,35.0,2:47:26.000
France,02 Jul 1950,Juan Manuel Fangio,FAN,Alfa Romeo,64.0,2:57:52.800
Italy,03 Sep 1950,Nino Farina,FAR,Alfa Romeo,80.0,2:51:17.400
Switzerland,27 May 1951,Juan Manuel Fangio,FAN,Alfa Romeo,42.0,2:07:53.640
Indianapolis 500,30 May 1951,Lee Wallard,WAL,Kurtis Kraft Offenhauser,200.0,3:57:38.050
Belgium,17 Jun 1951,Nino Farina,FAR,Alfa Romeo,36.0,2:45:46.200
France,01 Jul 1951,Juan Manuel Fangio,FAN,Alfa Romeo,77.0,3:22:11.000
France,01 Jul 1951,Luigi Fagioli,FAG,Alfa Romeo,,
Great Britain,14 Jul 1951,Jose Froilan Gonzalez,GON,Ferrari,90.0,2:42:18.200
Germany,29 Jul 1951,Alberto Ascari,ASC,Ferrari,20.0,3:23:03.300
Italy,16 Sep 1951,Alberto Ascari,ASC,Ferrari,80.0,2:42:39.300
Spain,28 Oct 1951,Juan Manuel Fangio,FAN,Alfa Romeo,70.0,2:46:54.100
Switzerland,18 May 1952,Piero Taruffi,TAR,Ferrari,62.0,3:01:46.100
Indianapolis 500,30 May 1952,Troy Ruttman,RUT,Kuzma Offenhauser,200.0,3:52:41.880
Belgium,22 Jun 1952,Alberto Ascari,ASC,Ferrari,36.0,3:03:46.300
France,06 Jul 1952,Alberto Ascari,ASC,Ferrari,77.0,3:00:00.000
Great Britain,19 Jul 1952,Alberto Ascari,ASC,Ferrari,85.0,2:44:11.000
Germany,03 Aug 1952,Alberto Ascari,ASC,Ferrari,18.0,3:06:13.300
Netherlands,17 Aug 1952,Alberto Ascari,ASC,Ferrari,90.0,2:53:28.500
Italy,07 Sep 1952,Alberto Ascari,ASC,Ferrari,80.0,2:50:45.600
Argentina,18 Jan 1953,Alberto Ascari,ASC,Ferrari,97.0,3:01:04.600
Indianapolis 500,30 May 1953,Bill Vukovich,VUK,Kurtis Kraft Offenhauser,200.0,3:53:01.690
Netherlands,07 Jun 1953,Alberto Ascari,ASC,Ferrari,90.0,2:53:35.800
Belgium,21 Jun 1953,Alberto Ascari,ASC,Ferrari,36.0,2:48:30.300
France,05 Jul 1953,Mike Hawthorn,HAW,Ferrari,60.0,2:44:18.600
Great Britain,18 Jul 1953,Alberto Ascari,ASC,Ferrari,90.0,2:50:00.000
Germany,02 Aug 1953,Nino Farina,FAR,Ferrari,18.0,3:02:25.000
Switzerland,23 Aug 1953,Alberto Ascari,ASC,Ferrari,65.0,3:01:34.400
Italy,13 Sep 1953,Juan Manuel Fangio,FAN,Maserati,80.0,2:49:45.900
Argentina,17 Jan 1954,Juan Manuel Fangio,FAN,Maserati,87.0,3:00:55.800
Indianapolis 500,31 May 1954,Bill Vukovich,VUK,Kurtis Kraft Offenhauser,200.0,3:49:17.270
Belgium,20 Jun 1954,Juan Manuel Fangio,FAN,Maserati,36.0,2:44:42.400
France,04 Jul 1954,Juan Manuel Fangio,FAN,Mercedes-Benz,61.0,2:42:47.900
Great Britain,17 Jul 1954,Jose Froilan Gonzalez,GON,Ferrari,90.0,2:56:14.000
Germany,01 Aug 1954,Juan Manuel Fangio,FAN,Mercedes-Benz,22.0,3:45:45.800
Switzerland,22 Aug 1954,Juan Manuel Fangio,FAN,Mercedes-Benz,66.0,3:00:34.500
Italy,05 Sep 1954,Juan Manuel Fangio,FAN,Mercedes-Benz,80.0,2:47:47.900
Spain,24 Oct 1954,Mike Hawthorn,HAW,Ferrari,80.0,3:13:52.100
Argentina,16 Jan 1955,Juan Manuel Fangio,FAN,Mercedes-Benz,96.0,3:00:38.600
Monaco,22 May 1955,Maurice Trintignant,TRI,Ferrari,100.0,2:58:09.700
Indianapolis 500,30 May 1955,Bob Sweikert,SWE,Kurtis Kraft Offenhauser,200.0,3:53:59.530
Belgium,05 Jun 1955,Juan Manuel Fangio,FAN,Mercedes-Benz,36.0,2:39:29.000
Netherlands,19 Jun 1955,Juan Manuel Fangio,FAN,Mercedes-Benz,100.0,2:54:23.800
Great Britain,16 Jul 1955,Stirling Moss,MOS,Mercedes-Benz,90.0,3:07:21.200
Italy,11 Sep 1955,Juan Manuel Fangio,FAN,Mercedes-Benz,50.0,2:25:04.400
Argentina,22 Jan 1956,Luigi Musso,MUS,Ferrari,,
Argentina,22 Jan 1956,Juan Manuel Fangio,FAN,Ferrari,98.0,3:00:03.700
Monaco,13 May 1956,Stirling Moss,MOS,Maserati,100.0,3:00:32.900
Indianapolis 500,30 May 1956,Pat Flaherty,FLA,Watson Offenhauser,200.0,3:53:28.840
Belgium,03 Jun 1956,Peter Collins,COL,Ferrari,36.0,2:40:00.300
France,01 Jul 1956,Peter Collins,COL,Ferrari,61.0,2:34:23.400
Great Britain,14 Jul 1956,Juan Manuel Fangio,FAN,Ferrari,101.0,2:59:47.000
Germany,05 Aug 1956,Juan Manuel Fangio,FAN,Ferrari,22.0,3:38:43.700
Italy,02 Sep 1956,Stirling Moss,MOS,Maserati,50.0,2:23:41.300
Argentina,13 Jan 1957,Juan Manuel Fangio,FAN,Maserati,100.0,3:00:55.900
Monaco,19 May 1957,Juan Manuel Fangio,FAN,Maserati,105.0,3:10:12.800
Indianapolis 500,30 May 1957,Sam Hanks,HAN,Epperly Offenhauser,200.0,3:41:14.250
France,07 Jul 1957,Juan Manuel Fangio,FAN,Maserati,77.0,3:07:46.400
Great Britain,20 Jul 1957,Stirling Moss,MOS,Vanwall,90.0,3:06:37.800
Great Britain,20 Jul 1957,Tony Brooks,BRO,Vanwall,,
Germany,04 Aug 1957,Juan Manuel Fangio,FAN,Maserati,22.0,3:30:38.300
Pescara,18 Aug 1957,Stirling Moss,MOS,Vanwall,18.0,2:59:22.700
Italy,08 Sep 1957,Stirling Moss,MOS,Vanwall,87.0,2:35:03.900
Argentina,19 Jan 1958,Stirling Moss,MOS,Cooper Climax,80.0,2:19:33.700
Monaco,18 May 1958,Maurice Trintignant,TRI,Cooper Climax,100.0,2:52:27.900
Netherlands,26 May 1958,Stirling Moss,MOS,Vanwall,75.0,2:04:49.200
Indianapolis 500,30 May 1958,Jimmy Bryan,BRY,Epperly Offenhauser,200.0,3:44:13.800
Belgium,15 Jun 1958,Tony Brooks,BRO,Vanwall,24.0,1:37:06.300
France,06 Jul 1958,Mike Hawthorn,HAW,Ferrari,50.0,2:03:21.300
Great Britain,19 Jul 1958,Peter Collins,COL,Ferrari,75.0,2:09:04.200
Germany,03 Aug 1958,Tony Brooks,BRO,Vanwall,15.0,2:21:15.000
Portugal,24 Aug 1958,Stirling Moss,MOS,Vanwall,50.0,2:11:27.800
Italy,07 Sep 1958,Tony Brooks,BRO,Vanwall,70.0,2:03:47.800
Morocco,19 Oct 1958,Stirling Moss,MOS,Vanwall,53.0,2:09:15.100
Monaco,10 May 1959,Jack Brabham,BRA,Cooper Climax,100.0,2:55:51.300
Indianapolis 500,30 May 1959,Rodger Ward,WAR,Watson Offenhauser,200.0,3:40:49.200
Netherlands,31 May 1959,Jo Bonnier,BON,BRM,75.0,2:05:26.800
France,05 Jul 1959,Tony Brooks,BRO,Ferrari,50.0,2:01:26.500
Great Britain,18 Jul 1959,Jack Brabham,BRA,Cooper Climax,75.0,2:30:11.600
Germany,02 Aug 1959,Tony Brooks,BRO,Ferrari,60.0,2:09:31.600
Portugal,23 Aug 1959,Stirling Moss,MOS,Cooper Climax,62.0,2:11:55.410
Italy,13 Sep 1959,Stirling Moss,MOS,Cooper Climax,72.0,2:04:05.400
United States,12 Dec 1959,Bruce McLaren,MCL,Cooper Climax,42.0,2:12:35.700
Argentina,07 Feb 1960,Bruce McLaren,MCL,Cooper Climax,80.0,2:17:49.500
Monaco,29 May 1960,Stirling Moss,MOS,Lotus Climax,100.0,2:53:45.500
Indianapolis 500,30 May 1960,Jim Rathmann,RAT,Watson Offenhauser,200.0,3:36:11.360
Netherlands,06 Jun 1960,Jack Brabham,BRA,Cooper Climax,75.0,2:01:47.200
Belgium,19 Jun 1960,Jack Brabham,BRA,Cooper Climax,36.0,2:21:37.300
France,03 Jul 1960,Jack Brabham,BRA,Cooper Climax,50.0,1:57:24.900
Great Britain,16 Jul 1960,Jack Brabham,BRA,Cooper Climax,77.0,2:04:24.600
Portugal,14 Aug 1960,Jack Brabham,BRA,Cooper Climax,55.0,2:19:00.030
Italy,04 Sep 1960,Phil Hill,HIL,Ferrari,50.0,2:21:09.200
United States,20 Nov 1960,Stirling Moss,MOS,Lotus Climax,75.0,2:28:52.200
Monaco,14 May 1961,Stirling Moss,MOS,Lotus Climax,100.0,2:45:50.100
Netherlands,22 May 1961,Wolfgang von Trips,VON,Ferrari,75.0,2:01:52.100
Belgium,18 Jun 1961,Phil Hill,HIL,Ferrari,30.0,2:03:03.800
France,02 Jul 1961,Giancarlo Baghetti,BAG,Ferrari,52.0,2:14:17.500
Great Britain,15 Jul 1961,Wolfgang von Trips,VON,Ferrari,75.0,2:40:53.600
Germany,06 Aug 1961,Stirling Moss,MOS,Lotus Climax,15.0,2:18:12.400
Italy,10 Sep 1961,Phil Hill,HIL,Ferrari,43.0,2:03:13.000
United States,08 Oct 1961,Innes Ireland,IRE,Lotus Climax,100.0,2:13:45.800
Netherlands,20 May 1962,Graham Hill,HIL,BRM,80.0,2:11:02.100
Monaco,03 Jun 1962,Bruce McLaren,MCL,Cooper Climax,100.0,2:46:29.700
Belgium,17 Jun 1962,Jim Clark,CLA,Lotus Climax,32.0,2:07:32.300
France,08 Jul 1962,Dan Gurney,GUR,Porsche,54.0,2:07:35.500
Great Britain,21 Jul 1962,Jim Clark,CLA,Lotus Climax,75.0,2:26:20.800
Germany,05 Aug 1962,Graham Hill,HIL,BRM,15.0,2:38:45.300
Italy,16 Sep 1962,Graham Hill,HIL,BRM,86.0,2:29:08.400
United States,07 Oct 1962,Jim Clark,CLA,Lotus Climax,100.0,2:07:13.000
South Africa,29 Dec 1962,Graham Hill,HIL,BRM,82.0,2:08:03.300
Monaco,26 May 1963,Graham Hill,HIL,BRM,100.0,2:41:49.700
Belgium,09 Jun 1963,Jim Clark,CLA,Lotus Climax,32.0,2:27:47.600
Netherlands,23 Jun 1963,Jim Clark,CLA,Lotus Climax,80.0,2:08:13.700
France,30 Jun 1963,Jim Clark,CLA,Lotus Climax,53.0,2:10:54.300
Great Britain,20 Jul 1963,Jim Clark,CLA,Lotus Climax,82.0,2:14:09.600
Germany,04 Aug 1963,John Surtees,SUR,Ferrari,15.0,2:13:06.800
Italy,08 Sep 1963,Jim Clark,CLA,Lotus Climax,86.0,2:24:19.600
United States,06 Oct 1963,Graham Hill,HIL,BRM,110.0,2:19:22.100
Mexico,27 Oct 1963,Jim Clark,CLA,Lotus Climax,65.0,2:09:52.100
South Africa,28 Dec 1963,Jim Clark,CLA,Lotus Climax,85.0,2:10:36.900
Monaco,10 May 1964,Graham Hill,HIL,BRM,100.0,2:41:19.500
Netherlands,24 May 1964,Jim Clark,CLA,Lotus Climax,80.0,2:07:35.400
Belgium,14 Jun 1964,Jim Clark,CLA,Lotus Climax,32.0,2:06:40.500
France,28 Jun 1964,Dan Gurney,GUR,Brabham Climax,57.0,2:07:49.100
Great Britain,11 Jul 1964,Jim Clark,CLA,Lotus Climax,80.0,2:15:07.000
Germany,02 Aug 1964,John Surtees,SUR,Ferrari,15.0,2:12:04.800
Austria,23 Aug 1964,Lorenzo Bandini,BAN,Ferrari,105.0,2:06:18.230
Italy,06 Sep 1964,John Surtees,SUR,Ferrari,78.0,2:10:51.800
United States,04 Oct 1964,Graham Hill,HIL,BRM,110.0,2:16:38.000
Mexico,25 Oct 1964,Dan Gurney,GUR,Brabham Climax,65.0,2:09:50.320
South Africa,01 Jan 1965,Jim Clark,CLA,Lotus Climax,85.0,2:06:46.000
Monaco,30 May 1965,Graham Hill,HIL,BRM,100.0,2:37:39.600
Belgium,13 Jun 1965,Jim Clark,CLA,Lotus Climax,32.0,2:23:34.800
France,27 Jun 1965,Jim Clark,CLA,Lotus Climax,40.0,2:14:38.400
Great Britain,10 Jul 1965,Jim Clark,CLA,Lotus Climax,80.0,2:05:25.400
Netherlands,18 Jul 1965,Jim Clark,CLA,Lotus Climax,80.0,2:03:59.100
Germany,01 Aug 1965,Jim Clark,CLA,Lotus Climax,15.0,2:07:52.400
Italy,12 Sep 1965,Jackie Stewart,STE,BRM,76.0,2:04:52.800
United States,03 Oct 1965,Graham Hill,HIL,BRM,110.0,2:20:36.100
Mexico,24 Oct 1965,Richie Ginther,GIN,Honda,65.0,2:08:32.100
Monaco,22 May 1966,Jackie Stewart,STE,BRM,100.0,2:33:10.500
Belgium,12 Jun 1966,John Surtees,SUR,Ferrari,28.0,2:09:11.300
France,03 Jul 1966,Jack Brabham,BRA,Brabham Repco,48.0,1:48:31.300
Great Britain,16 Jul 1966,Jack Brabham,BRA,Brabham Repco,80.0,2:13:13.400
Netherlands,24 Jul 1966,Jack Brabham,BRA,Brabham Repco,90.0,2:20:32.500
Germany,07 Aug 1966,Jack Brabham,BRA,Brabham Repco,15.0,2:27:03.000
Italy,04 Sep 1966,Ludovico Scarfiotti,SCA,Ferrari,68.0,1:47:14.800
United States,02 Oct 1966,Jim Clark,CLA,Lotus BRM,108.0,2:09:40.100
Mexico,23 Oct 1966,John Surtees,SUR,Cooper Maserati,65.0,2:06:35.340
South Africa,02 Jan 1967,Pedro Rodriguez,ROD,Cooper Maserati,80.0,2:05:45.900
Monaco,07 May 1967,Denny Hulme,HUL,Brabham Repco,100.0,2:34:34.300
Netherlands,04 Jun 1967,Jim Clark,CLA,Lotus Ford,90.0,2:14:45.100
Belgium,18 Jun 1967,Dan Gurney,GUR,Eagle Weslake,28.0,1:40:49.400
France,02 Jul 1967,Jack Brabham,BRA,Brabham Repco,80.0,2:13:21.300
Great Britain,15 Jul 1967,Jim Clark,CLA,Lotus Ford,80.0,1:59:25.600
Germany,06 Aug 1967,Denny Hulme,HUL,Brabham Repco,15.0,2:05:55.700
Canada,27 Aug 1967,Jack Brabham,BRA,Brabham Repco,90.0,2:40:40.000
Italy,10 Sep 1967,John Surtees,SUR,Honda,68.0,1:43:45.000
United States,01 Oct 1967,Jim Clark,CLA,Lotus Ford,108.0,2:03:13.200
Mexico,22 Oct 1967,Jim Clark,CLA,Lotus Ford,65.0,1:59:28.700
South Africa,01 Jan 1968,Jim Clark,CLA,Lotus Ford,80.0,1:53:56.600
Spain,12 May 1968,Graham Hill,HIL,Lotus Ford,90.0,2:15:20.100
Monaco,26 May 1968,Graham Hill,HIL,Lotus Ford,80.0,2:00:32.300
Belgium,09 Jun 1968,Bruce McLaren,MCL,McLaren Ford,28.0,1:40:02.100
Netherlands,23 Jun 1968,Jackie Stewart,STE,Matra Ford,90.0,2:46:11.260
France,07 Jul 1968,Jacky Ickx,ICK,Ferrari,60.0,2:25:40.900
Great Britain,20 Jul 1968,Jo Siffert,SIF,Lotus Ford,80.0,2:01:20.300
Germany,04 Aug 1968,Jackie Stewart,STE,Matra Ford,14.0,2:19:03.200
Italy,08 Sep 1968,Denny Hulme,HUL,McLaren Ford,68.0,1:40:14.800
Canada,22 Sep 1968,Denny Hulme,HUL,McLaren Ford,90.0,2:27:11.200
United States,06 Oct 1968,Jackie Stewart,STE,Matra Ford,108.0,1:59:20.290
Mexico,03 Nov 1968,Graham Hill,HIL,Lotus Ford,65.0,1:56:43.950
South Africa,01 Mar 1969,Jackie Stewart,STE,Matra Ford,80.0,1:50:39.100
Spain,04 May 1969,Jackie Stewart,STE,Matra Ford,90.0,2:16:53.990
Monaco,18 May 1969,Graham Hill,HIL,Lotus Ford,80.0,1:56:59.400
Netherlands,21 Jun 1969,Jackie Stewart,STE,Matra Ford,90.0,2:06:42.080
France,06 Jul 1969,Jackie Stewart,STE,Matra Ford,38.0,1:56:47.400
Great Britain,19 Jul 1969,Jackie Stewart,STE,Matra Ford,84.0,1:55:55.600
Germany,03 Aug 1969,Jacky Ickx,ICK,Brabham Ford,14.0,1:49:55.400
Italy,07 Sep 1969,Jackie Stewart,STE,Matra Ford,68.0,1:39:11.260
Canada,20 Sep 1969,Jacky Ickx,ICK,Brabham Ford,90.0,1:59:25.700
United States,05 Oct 1969,Jochen Rindt,RIN,Lotus Ford,108.0,1:57:56.840
Mexico,19 Oct 1969,Denny Hulme,HUL,McLaren Ford,65.0,1:54:08.800
South Africa,07 Mar 1970,Jack Brabham,BRA,Brabham Ford,80.0,1:49:34.600
Spain,19 Apr 1970,Jackie Stewart,STE,March Ford,90.0,2:10:58.200
Monaco,10 May 1970,Jochen Rindt,RIN,Lotus Ford,80.0,1:54:36.600
Belgium,07 Jun 1970,Pedro Rodriguez,ROD,BRM,28.0,1:38:09.900
Netherlands,21 Jun 1970,Jochen Rindt,RIN,Lotus Ford,80.0,1:50:43.410
France,05 Jul 1970,Jochen Rindt,RIN,Lotus Ford,38.0,1:55:57.000
Great Britain,18 Jul 1970,Jochen Rindt,RIN,Lotus Ford,80.0,1:57:02.000
Germany,02 Aug 1970,Jochen Rindt,RIN,Lotus Ford,50.0,1:42:00.300
Austria,16 Aug 1970,Jacky Ickx,ICK,Ferrari,60.0,1:42:17.320
Italy,06 Sep 1970,Clay Regazzoni,REG,Ferrari,68.0,1:39:06.880
Canada,20 Sep 1970,Jacky Ickx,ICK,Ferrari,90.0,2:21:18.400
United States,04 Oct 1970,Emerson Fittipaldi,FIT,Lotus Ford,108.0,1:57:32.790
Mexico,25 Oct 1970,Jacky Ickx,ICK,Ferrari,65.0,1:53:28.360
South Africa,06 Mar 1971,Mario Andretti,AND,Ferrari,79.0,1:47:35.500
Spain,18 Apr 1971,Jackie Stewart,STE,Tyrrell Ford,75.0,1:49:03.400
Monaco,23 May 1971,Jackie Stewart,STE,Tyrrell Ford,80.0,1:52:21.300
Netherlands,20 Jun 1971,Jacky Ickx,ICK,Ferrari,70.0,1:56:20.090
France,04 Jul 1971,Jackie Stewart,STE,Tyrrell Ford,55.0,1:46:41.680
Great Britain,17 Jul 1971,Jackie Stewart,STE,Tyrrell Ford,68.0,1:31:31.500
Germany,01 Aug 1971,Jackie Stewart,STE,Tyrrell Ford,12.0,1:29:15.700
Austria,15 Aug 1971,Jo Siffert,SIF,BRM,54.0,1:30:23.910
Italy,05 Sep 1971,Peter Gethin,GET,BRM,55.0,1:18:12.600
Canada,19 Sep 1971,Jackie Stewart,STE,Tyrrell Ford,64.0,1:55:12.900
United States,03 Oct 1971,Francois Cevert,CEV,Tyrrell Ford,59.0,1:43:51.991
Argentina,23 Jan 1972,Jackie Stewart,STE,Tyrrell Ford,95.0,1:57:58.820
South Africa,04 Mar 1972,Denny Hulme,HUL,McLaren Ford,79.0,1:45:49.100
Spain,01 May 1972,Emerson Fittipaldi,FIT,Lotus Ford,90.0,2:03:41.230
Monaco,14 May 1972,Jean-Pierre Beltoise,BEL,BRM,80.0,2:26:54.700
Belgium,04 Jun 1972,Emerson Fittipaldi,FIT,Lotus Ford,85.0,1:44:06.700
France,02 Jul 1972,Jackie Stewart,STE,Tyrrell Ford,38.0,1:52:21.500
Great Britain,15 Jul 1972,Emerson Fittipaldi,FIT,Lotus Ford,76.0,1:47:50.200
Germany,30 Jul 1972,Jacky Ickx,ICK,Ferrari,14.0,1:42:12.300
Austria,13 Aug 1972,Emerson Fittipaldi,FIT,Lotus Ford,54.0,1:29:16.660
Italy,10 Sep 1972,Emerson Fittipaldi,FIT,Lotus Ford,55.0,1:29:58.400
Canada,24 Sep 1972,Jackie Stewart,STE,Tyrrell Ford,80.0,1:43:16.900
United States,08 Oct 1972,Jackie Stewart,STE,Tyrrell Ford,59.0,1:41:45.354
Argentina,28 Jan 1973,Emerson Fittipaldi,FIT,Lotus Ford,96.0,1:56:18.220
Brazil,11 Feb 1973,Emerson Fittipaldi,FIT,Lotus Ford,40.0,1:43:55.600
South Africa,03 Mar 1973,Jackie Stewart,STE,Tyrrell Ford,79.0,1:43:11.070
Spain,29 Apr 1973,Emerson Fittipaldi,FIT,Lotus Ford,75.0,1:48:18.700
Belgium,20 May 1973,Jackie Stewart,STE,Tyrrell Ford,70.0,1:42:13.430
Monaco,03 Jun 1973,Jackie Stewart,STE,Tyrrell Ford,78.0,1:57:44.300
Sweden,17 Jun 1973,Denny Hulme,HUL,McLaren Ford,80.0,1:56:46.049
France,01 Jul 1973,Ronnie Peterson,PET,Lotus Ford,54.0,1:41:36.520
Great Britain,14 Jul 1973,Peter Revson,REV,McLaren Ford,67.0,1:29:18.500
Netherlands,29 Jul 1973,Jackie Stewart,STE,Tyrrell Ford,72.0,1:39:12.450
Germany,05 Aug 1973,Jackie Stewart,STE,Tyrrell Ford,14.0,1:42:03.000
Austria,19 Aug 1973,Ronnie Peterson,PET,Lotus Ford,54.0,1:28:48.780
Italy,09 Sep 1973,Ronnie Peterson,PET,Lotus Ford,55.0,1:29:17.000
Canada,23 Sep 1973,Peter Revson,REV,McLaren Ford,80.0,1:59:04.083
United States,07 Oct 1973,Ronnie Peterson,PET,Lotus Ford,59.0,1:41:15.799
Argentina,13 Jan 1974,Denny Hulme,HUL,McLaren Ford,53.0,1:41:02.010
Brazil,27 Jan 1974,Emerson Fittipaldi,FIT,McLaren Ford,32.0,1:24:37.060
South Africa,30 Mar 1974,Carlos Reutemann,REU,Brabham Ford,78.0,1:42:40.960
Spain,28 Apr 1974,Niki Lauda,LAU,Ferrari,84.0,2:00:29.560
Belgium,12 May 1974,Emerson Fittipaldi,FIT,McLaren Ford,85.0,1:44:20.570
Monaco,26 May 1974,Ronnie Peterson,PET,Lotus Ford,78.0,1:58:03.700
Sweden,09 Jun 1974,Jody Scheckter,SCH,Tyrrell Ford,80.0,1:58:31.391
Netherlands,23 Jun 1974,Niki Lauda,LAU,Ferrari,75.0,1:43:00.350
France,07 Jul 1974,Ronnie Peterson,PET,Lotus Ford,80.0,1:21:55.020
Great Britain,20 Jul 1974,Jody Scheckter,SCH,Tyrrell Ford,75.0,1:43:02.200
Germany,04 Aug 1974,Clay Regazzoni,REG,Ferrari,14.0,1:41:35.000
Austria,18 Aug 1974,Carlos Reutemann,REU,Brabham Ford,54.0,1:28:44.720
Italy,08 Sep 1974,Ronnie Peterson,PET,Lotus Ford,52.0,1:22:56.600
Canada,22 Sep 1974,Emerson Fittipaldi,FIT,McLaren Ford,80.0,1:40:26.136
United States,06 Oct 1974,Carlos Reutemann,REU,Brabham Ford,59.0,1:40:21.439
Argentina,12 Jan 1975,Emerson Fittipaldi,FIT,McLaren Ford,53.0,1:39:26.290
Brazil,26 Jan 1975,Carlos Pace,PAC,Brabham Ford,40.0,1:44:41.170
South Africa,01 Mar 1975,Jody Scheckter,SCH,Tyrrell Ford,78.0,1:43:16.900
Spain,27 Apr 1975,Jochen Mass,MAS,McLaren Ford,29.0,42:53.700
Monaco,11 May 1975,Niki Lauda,LAU,Ferrari,75.0,2:01:21.310
Belgium,25 May 1975,Niki Lauda,LAU,Ferrari,70.0,1:43:53.980
Sweden,08 Jun 1975,Niki Lauda,LAU,Ferrari,80.0,1:59:18.319
Netherlands,22 Jun 1975,James Hunt,HUN,Hesketh Ford,75.0,1:46:57.400
France,06 Jul 1975,Niki Lauda,LAU,Ferrari,54.0,1:40:18.840
Great Britain,19 Jul 1975,Emerson Fittipaldi,FIT,McLaren Ford,56.0,1:22:05.000
Germany,03 Aug 1975,Carlos Reutemann,REU,Brabham Ford,14.0,1:41:14.100
Austria,17 Aug 1975,Vittorio Brambilla,BRA,March Ford,29.0,57:56.690
Italy,07 Sep 1975,Clay Regazzoni,REG,Ferrari,52.0,1:22:42.600
United States,05 Oct 1975,Niki Lauda,LAU,Ferrari,59.0,1:42:58.175
Brazil,25 Jan 1976,Niki Lauda,LAU,Ferrari,40.0,1:45:16.780
South Africa,06 Mar 1976,Niki Lauda,LAU,Ferrari,78.0,1:42:18.400
USA West,28 Mar 1976,Clay Regazzoni,REG,Ferrari,80.0,1:53:18.471
Spain,02 May 1976,James Hunt,HUN,McLaren Ford,75.0,1:42:20.430
Belgium,16 May 1976,Niki Lauda,LAU,Ferrari,70.0,1:42:53.230
Monaco,30 May 1976,Niki Lauda,LAU,Ferrari,78.0,1:59:51.470
Sweden,13 Jun 1976,Jody Scheckter,SCH,Tyrrell Ford,72.0,1:46:53.729
France,04 Jul 1976,James Hunt,HUN,McLaren Ford,54.0,1:40:58.600
Great Britain,18 Jul 1976,Niki Lauda,LAU,Ferrari,76.0,1:44:19.660
Germany,01 Aug 1976,James Hunt,HUN,McLaren Ford,14.0,1:41:42.700
Austria,15 Aug 1976,John Watson,WAT,Penske Ford,54.0,1:30:07.860
Netherlands,29 Aug 1976,James Hunt,HUN,McLaren Ford,75.0,1:44:52.090
Italy,12 Sep 1976,Ronnie Peterson,PET,March Ford,52.0,1:30:35.600
Canada,03 Oct 1976,James Hunt,HUN,McLaren Ford,80.0,1:40:09.626
USA East,10 Oct 1976,James Hunt,HUN,McLaren Ford,59.0,1:42:40.741
Japan,24 Oct 1976,Mario Andretti,AND,Lotus Ford,73.0,1:43:58.860
Argentina,09 Jan 1977,Jody Scheckter,SCH,Wolf Ford,53.0,1:40:11.190
Brazil,23 Jan 1977,Carlos Reutemann,REU,Ferrari,40.0,1:45:07.720
South Africa,05 Mar 1977,Niki Lauda,LAU,Ferrari,78.0,1:42:21.600
USA West,03 Apr 1977,Mario Andretti,AND,Lotus Ford,80.0,1:51:35.470
Spain,08 May 1977,Mario Andretti,AND,Lotus Ford,75.0,1:42:52.220
Monaco,22 May 1977,Jody Scheckter,SCH,Wolf Ford,76.0,1:57:52.770
Belgium,05 Jun 1977,Gunnar Nilsson,NIL,Lotus Ford,70.0,1:55:05.710
Sweden,19 Jun 1977,Jacques Laffite,LAF,Ligier Matra,72.0,1:46:55.520
France,03 Jul 1977,Mario Andretti,AND,Lotus Ford,80.0,1:39:40.130
Great Britain,16 Jul 1977,James Hunt,HUN,McLaren Ford,68.0,1:31:46.060
Germany,31 Jul 1977,Niki Lauda,LAU,Ferrari,47.0,1:31:48.620
Austria,14 Aug 1977,Alan Jones,JON,Shadow Ford,54.0,1:37:16.490
Netherlands,28 Aug 1977,Niki Lauda,LAU,Ferrari,75.0,1:41:45.930
Italy,11 Sep 1977,Mario Andretti,AND,Lotus Ford,52.0,1:27:50.300
USA East,02 Oct 1977,James Hunt,HUN,McLaren Ford,59.0,1:58:23.267
Canada,09 Oct 1977,Jody Scheckter,SCH,Wolf Ford,80.0,1:40:00.000
Japan,23 Oct 1977,James Hunt,HUN,McLaren Ford,73.0,1:31:51.680
Argentina,15 Jan 1978,Mario Andretti,AND,Lotus Ford,52.0,1:37:04.470
Brazil,29 Jan 1978,Carlos Reutemann,REU,Ferrari,63.0,1:49:59.860
South Africa,04 Mar 1978,Ronnie Peterson,PET,Lotus Ford,78.0,1:42:15.767
USA West,02 Apr 1978,Carlos Reutemann,REU,Ferrari,80.0,1:52:01.301
Monaco,07 May 1978,Patrick Depailler,DEP,Tyrrell Ford,75.0,1:55:14.660
Belgium,21 May 1978,Mario Andretti,AND,Lotus Ford,70.0,1:39:52.020
Spain,04 Jun 1978,Mario Andretti,AND,Lotus Ford,75.0,1:41:47.060
Sweden,17 Jun 1978,Niki Lauda,LAU,Brabham Alfa Romeo,70.0,1:41:00.606
France,02 Jul 1978,Mario Andretti,AND,Lotus Ford,54.0,1:38:51.920
Great Britain,16 Jul 1978,Carlos Reutemann,REU,Ferrari,76.0,1:42:12.390
Germany,30 Jul 1978,Mario Andretti,AND,Lotus Ford,45.0,1:28:00.900
Austria,13 Aug 1978,Ronnie Peterson,PET,Lotus Ford,54.0,1:41:21.570
Netherlands,27 Aug 1978,Mario Andretti,AND,Lotus Ford,75.0,1:41:04.230
Italy,10 Sep 1978,Niki Lauda,LAU,Brabham Alfa Romeo,40.0,1:07:04.540
USA East,01 Oct 1978,Carlos Reutemann,REU,Ferrari,59.0,1:40:48.800
Canada,08 Oct 1978,Gilles Villeneuve,VIL,Ferrari,70.0,1:57:49.196
Argentina,21 Jan 1979,Jacques Laffite,LAF,Ligier Ford,53.0,1:36:03.210
Brazil,04 Feb 1979,Jacques Laffite,LAF,Ligier Ford,40.0,1:40:09.640
South Africa,03 Mar 1979,Gilles Villeneuve,VIL,Ferrari,78.0,1:41:49.960
USA West,08 Apr 1979,Gilles Villeneuve,VIL,Ferrari,80.0,1:50:25.400
Spain,29 Apr 1979,Patrick Depailler,DEP,Ligier Ford,75.0,1:39:11.840
Belgium,13 May 1979,Jody Scheckter,SCH,Ferrari,70.0,1:39:59.530
Monaco,27 May 1979,Jody Scheckter,SCH,Ferrari,76.0,1:55:22.480
France,01 Jul 1979,Jean-Pierre Jabouille,JAB,Renault,80.0,1:35:20.420
Great Britain,14 Jul 1979,Clay Regazzoni,REG,Williams Ford,68.0,1:26:11.170
Germany,29 Jul 1979,Alan Jones,JON,Williams Ford,45.0,1:24:48.830
Austria,12 Aug 1979,Alan Jones,JON,Williams Ford,54.0,1:27:38.010
Netherlands,26 Aug 1979,Alan Jones,JON,Williams Ford,75.0,1:41:19.775
Italy,09 Sep 1979,Jody Scheckter,SCH,Ferrari,50.0,1:22:00.220
Canada,30 Sep 1979,Alan Jones,JON,Williams Ford,72.0,1:52:06.892
USA East,07 Oct 1979,Gilles Villeneuve,VIL,Ferrari,59.0,1:52:17.734
Argentina,13 Jan 1980,Alan Jones,JON,Williams Ford,53.0,1:43:24.380
Brazil,27 Jan 1980,Rene Arnoux,ARN,Renault,40.0,1:40:01.330
South Africa,01 Mar 1980,Rene Arnoux,ARN,Renault,78.0,1:36:52.540
USA West,30 Mar 1980,Nelson Piquet,PIQ,Brabham Ford,80.0,1:50:18.550
Belgium,04 May 1980,Didier Pironi,PIR,Ligier Ford,72.0,1:38:46.510
Monaco,18 May 1980,Carlos Reutemann,REU,Williams Ford,76.0,1:55:34.365
France,29 Jun 1980,Alan Jones,JON,Williams Ford,54.0,1:32:43.420
Great Britain,13 Jul 1980,Alan Jones,JON,Williams Ford,76.0,1:34:49.228
Germany,10 Aug 1980,Jacques Laffite,LAF,Ligier Ford,45.0,1:22:59.730
Austria,17 Aug 1980,Jean-Pierre Jabouille,JAB,Renault,54.0,1:26:15.730
Netherlands,31 Aug 1980,Nelson Piquet,PIQ,Brabham Ford,72.0,1:38:13.830
Italy,14 Sep 1980,Nelson Piquet,PIQ,Brabham Ford,60.0,1:38:07.520
Canada,28 Sep 1980,Alan Jones,JON,Williams Ford,70.0,1:46:45.530
USA East,05 Oct 1980,Alan Jones,JON,Williams Ford,59.0,1:34:36.050
USA West,15 Mar 1981,Alan Jones,JON,Williams Ford,80.0,1:50:41.330
Brazil,29 Mar 1981,Carlos Reutemann,REU,Williams Ford,62.0,2:00:23.660
Argentina,12 Apr 1981,Nelson Piquet,PIQ,Brabham Ford,53.0,1:34:32.740
San Marino,03 May 1981,Nelson Piquet,PIQ,Brabham Ford,60.0,1:51:23.970
Belgium,17 May 1981,Carlos Reutemann,REU,Williams Ford,54.0,1:16:31.610
Monaco,31 May 1981,Gilles Villeneuve,VIL,Ferrari,76.0,1:54:23.380
Spain,21 Jun 1981,Gilles Villeneuve,VIL,Ferrari,80.0,1:46:35.010
France,05 Jul 1981,Alain Prost,PRO,Renault,80.0,1:35:48.130
Great Britain,18 Jul 1981,John Watson,WAT,McLaren Ford,68.0,1:26:54.800
Germany,02 Aug 1981,Nelson Piquet,PIQ,Brabham Ford,45.0,1:25:55.600
Austria,16 Aug 1981,Jacques Laffite,LAF,Ligier Matra,53.0,1:27:36.470
Netherlands,30 Aug 1981,Alain Prost,PRO,Renault,72.0,1:40:22.430
Italy,13 Sep 1981,Alain Prost,PRO,Renault,52.0,1:26:33.897
Canada,27 Sep 1981,Jacques Laffite,LAF,Ligier Matra,63.0,2:01:25.205
Las Vegas,17 Oct 1981,Alan Jones,JON,Williams Ford,75.0,1:44:09.077
South Africa,23 Jan 1982,Alain Prost,PRO,Renault,77.0,1:32:08.401
Brazil,21 Mar 1982,Alain Prost,PRO,Renault,63.0,1:44:33.134
USA West,04 Apr 1982,Niki Lauda,LAU,McLaren Ford,75.0,1:58:25.318
San Marino,25 Apr 1982,Didier Pironi,PIR,Ferrari,60.0,1:36:38.887
Belgium,09 May 1982,John Watson,WAT,McLaren Ford,70.0,1:35:41.995
Monaco,23 May 1982,Riccardo Patrese,PAT,Brabham Ford,76.0,1:54:11.259
Detroit,06 Jun 1982,John Watson,WAT,McLaren Ford,62.0,1:58:41.043
Canada,13 Jun 1982,Nelson Piquet,PIQ,Brabham BMW,70.0,1:46:39.577
Netherlands,03 Jul 1982,Didier Pironi,PIR,Ferrari,72.0,1:38:03.254
Great Britain,18 Jul 1982,Niki Lauda,LAU,McLaren Ford,76.0,1:35:33.812
France,25 Jul 1982,Rene Arnoux,ARN,Renault,54.0,1:33:33.217
Germany,08 Aug 1982,Patrick Tambay,TAM,Ferrari,45.0,1:27:25.178
Austria,15 Aug 1982,Elio de Angelis,DEA,Lotus Ford,53.0,1:25:02.212
Switzerland,29 Aug 1982,Keke Rosberg,ROS,Williams Ford,80.0,1:32:41.087
Italy,12 Sep 1982,Rene Arnoux,ARN,Renault,52.0,1:22:25.734
Las Vegas,25 Sep 1982,Michele Alboreto,ALB,Tyrrell Ford,75.0,1:41:56.888
Brazil,13 Mar 1983,Nelson Piquet,PIQ,Brabham BMW,63.0,1:48:27.731
USA West,27 Mar 1983,John Watson,WAT,McLaren Ford,75.0,1:53:34.889
France,17 Apr 1983,Alain Prost,PRO,Renault,54.0,1:34:13.913
San Marino,01 May 1983,Patrick Tambay,TAM,Ferrari,60.0,1:37:52.460
Monaco,15 May 1983,Keke Rosberg,ROS,Williams Ford,76.0,1:56:38.121
Belgium,22 May 1983,Alain Prost,PRO,Renault,40.0,1:27:11.502
Detroit,05 Jun 1983,Michele Alboreto,ALB,Tyrrell Ford,60.0,1:50:53.669
Canada,12 Jun 1983,Rene Arnoux,ARN,Ferrari,70.0,1:48:31.838
Great Britain,16 Jul 1983,Alain Prost,PRO,Renault,67.0,1:24:39.780
Germany,07 Aug 1983,Rene Arnoux,ARN,Ferrari,45.0,1:27:10.319
Austria,14 Aug 1983,Alain Prost,PRO,Renault,53.0,1:24:32.745
Netherlands,28 Aug 1983,Rene Arnoux,ARN,Ferrari,72.0,1:38:41.950
Italy,11 Sep 1983,Nelson Piquet,PIQ,Brabham BMW,52.0,1:23:10.880
Europe,25 Sep 1983,Nelson Piquet,PIQ,Brabham BMW,76.0,1:36:45.865
South Africa,15 Oct 1983,Riccardo Patrese,PAT,Brabham BMW,77.0,1:33:25.708
Brazil,25 Mar 1984,Alain Prost,PRO,McLaren TAG,61.0,1:42:34.492
South Africa,07 Apr 1984,Niki Lauda,LAU,McLaren TAG,75.0,1:29:23.430
Belgium,29 Apr 1984,Michele Alboreto,ALB,Ferrari,70.0,1:36:32.048
San Marino,06 May 1984,Alain Prost,PRO,McLaren TAG,60.0,1:36:53.679
France,20 May 1984,Niki Lauda,LAU,McLaren TAG,79.0,1:31:11.951
Monaco,03 Jun 1984,Alain Prost,PRO,McLaren TAG,31.0,1:01:07.740
Canada,17 Jun 1984,Nelson Piquet,PIQ,Brabham BMW,70.0,1:46:23.748
Detroit,24 Jun 1984,Nelson Piquet,PIQ,Brabham BMW,63.0,1:55:41.842
Dallas,08 Jul 1984,Keke Rosberg,ROS,Williams Honda,67.0,2:01:22.617
Great Britain,22 Jul 1984,Niki Lauda,LAU,McLaren TAG,71.0,1:29:28.532
Germany,05 Aug 1984,Alain Prost,PRO,McLaren TAG,44.0,1:24:43.210
Austria,19 Aug 1984,Niki Lauda,LAU,McLaren TAG,51.0,1:21:12.851
Netherlands,26 Aug 1984,Alain Prost,PRO,McLaren TAG,71.0,1:37:21.468
Italy,09 Sep 1984,Niki Lauda,LAU,McLaren TAG,51.0,1:20:29.065
Europe,07 Oct 1984,Alain Prost,PRO,McLaren TAG,67.0,1:35:13.284
Portugal,21 Oct 1984,Alain Prost,PRO,McLaren TAG,70.0,1:41:11.753
Brazil,07 Apr 1985,Alain Prost,PRO,McLaren TAG,61.0,1:41:26.115
Portugal,21 Apr 1985,Ayrton Senna,SEN,Lotus Renault,67.0,2:00:28.006
San Marino,05 May 1985,Elio de Angelis,DEA,Lotus Renault,60.0,1:34:35.955
Monaco,19 May 1985,Alain Prost,PRO,McLaren TAG,78.0,1:51:58.034
Canada,16 Jun 1985,Michele Alboreto,ALB,Ferrari,70.0,1:46:01.813
Detroit,23 Jun 1985,Keke Rosberg,ROS,Williams Honda,63.0,1:55:39.851
France,07 Jul 1985,Nelson Piquet,PIQ,Brabham BMW,53.0,1:31:46.266
Great Britain,21 Jul 1985,Alain Prost,PRO,McLaren TAG,65.0,1:18:10.436
Germany,04 Aug 1985,Michele Alboreto,ALB,Ferrari,67.0,1:35:31.337
Austria,18 Aug 1985,Alain Prost,PRO,McLaren TAG,52.0,1:20:12.583
Netherlands,25 Aug 1985,Niki Lauda,LAU,McLaren TAG,70.0,1:32:29.263
Italy,08 Sep 1985,Alain Prost,PRO,McLaren TAG,51.0,1:17:59.451
Belgium,15 Sep 1985,Ayrton Senna,SEN,Lotus Renault,43.0,1:34:19.893
Europe,06 Oct 1985,Nigel Mansell,MAN,Williams Honda,75.0,1:32:58.109
South Africa,19 Oct 1985,Nigel Mansell,MAN,Williams Honda,75.0,1:28:22.866
Australia,03 Nov 1985,Keke Rosberg,ROS,Williams Honda,82.0,2:00:40.473
Brazil,23 Mar 1986,Nelson Piquet,PIQ,Williams Honda,61.0,1:39:32.583
Spain,13 Apr 1986,Ayrton Senna,SEN,Lotus Renault,72.0,1:48:47.735
San Marino,27 Apr 1986,Alain Prost,PRO,McLaren TAG,60.0,1:32:28.408
Monaco,11 May 1986,Alain Prost,PRO,McLaren TAG,78.0,1:55:41.060
Belgium,25 May 1986,Nigel Mansell,MAN,Williams Honda,43.0,1:27:57.925
Canada,15 Jun 1986,Nigel Mansell,MAN,Williams Honda,69.0,1:42:26.415
Detroit,22 Jun 1986,Ayrton Senna,SEN,Lotus Renault,63.0,1:51:12.847
France,06 Jul 1986,Nigel Mansell,MAN,Williams Honda,80.0,1:37:19.272
Great Britain,13 Jul 1986,Nigel Mansell,MAN,Williams Honda,75.0,1:30:38.471
Germany,27 Jul 1986,Nelson Piquet,PIQ,Williams Honda,44.0,1:22:08.263
Hungary,10 Aug 1986,Nelson Piquet,PIQ,Williams Honda,76.0,2:00:34.508
Austria,17 Aug 1986,Alain Prost,PRO,McLaren TAG,52.0,1:21:22.531
Italy,07 Sep 1986,Nelson Piquet,PIQ,Williams Honda,51.0,1:17:42.889
Portugal,21 Sep 1986,Nigel Mansell,MAN,Williams Honda,70.0,1:37:21.900
Mexico,12 Oct 1986,Gerhard Berger,BER,Benetton BMW,68.0,1:33:18.700
Australia,26 Oct 1986,Alain Prost,PRO,McLaren TAG,82.0,1:54:20.388
Brazil,12 Apr 1987,Alain Prost,PRO,McLaren TAG,61.0,1:39:45.141
San Marino,03 May 1987,Nigel Mansell,MAN,Williams Honda,59.0,1:31:24.076
Belgium,17 May 1987,Alain Prost,PRO,McLaren TAG,43.0,1:27:03.217
Monaco,31 May 1987,Ayrton Senna,SEN,Lotus Honda,78.0,1:57:54.085
Detroit,21 Jun 1987,Ayrton Senna,SEN,Lotus Honda,63.0,1:50:16.358
France,05 Jul 1987,Nigel Mansell,MAN,Williams Honda,80.0,1:37:03.839
Great Britain,12 Jul 1987,Nigel Mansell,MAN,Williams Honda,65.0,1:19:11.780
Germany,26 Jul 1987,Nelson Piquet,PIQ,Williams Honda,44.0,1:21:25.091
Hungary,09 Aug 1987,Nelson Piquet,PIQ,Williams Honda,76.0,1:59:26.793
Austria,16 Aug 1987,Nigel Mansell,MAN,Williams Honda,52.0,1:18:44.898
Italy,06 Sep 1987,Nelson Piquet,PIQ,Williams Honda,50.0,1:14:47.707
Portugal,20 Sep 1987,Alain Prost,PRO,McLaren TAG,70.0,1:37:03.906
Spain,27 Sep 1987,Nigel Mansell,MAN,Williams Honda,72.0,1:49:12.692
Mexico,18 Oct 1987,Nigel Mansell,MAN,Williams Honda,63.0,1:26:24.207
Japan,01 Nov 1987,Gerhard Berger,BER,Ferrari,51.0,1:32:58.072
Australia,15 Nov 1987,Gerhard Berger,BER,Ferrari,82.0,1:52:56.144
Brazil,03 Apr 1988,Alain Prost,PRO,McLaren Honda,60.0,1:36:06.857
San Marino,01 May 1988,Ayrton Senna,SEN,McLaren Honda,60.0,1:32:41.264
Monaco,15 May 1988,Alain Prost,PRO,McLaren Honda,78.0,1:57:17.077
Mexico,29 May 1988,Alain Prost,PRO,McLaren Honda,67.0,1:30:15.737
Canada,12 Jun 1988,Ayrton Senna,SEN,McLaren Honda,69.0,1:39:46.618
Detroit,19 Jun 1988,Ayrton Senna,SEN,McLaren Honda,63.0,1:54:56.035
France,03 Jul 1988,Alain Prost,PRO,McLaren Honda,80.0,1:37:37.328
Great Britain,10 Jul 1988,Ayrton Senna,SEN,McLaren Honda,65.0,1:33:16.367
Germany,24 Jul 1988,Ayrton Senna,SEN,McLaren Honda,44.0,1:32:54.188
Hungary,07 Aug 1988,Ayrton Senna,SEN,McLaren Honda,76.0,1:57:47.081
Belgium,28 Aug 1988,Ayrton Senna,SEN,McLaren Honda,43.0,1:28:00.549
Italy,11 Sep 1988,Gerhard Berger,BER,Ferrari,51.0,1:17:39.744
Portugal,25 Sep 1988,Alain Prost,PRO,McLaren Honda,70.0,1:37:40.958
Spain,02 Oct 1988,Alain Prost,PRO,McLaren Honda,72.0,1:48:43.851
Japan,30 Oct 1988,Ayrton Senna,SEN,McLaren Honda,51.0,1:33:26.173
Australia,13 Nov 1988,Alain Prost,PRO,McLaren Honda,82.0,1:53:14.676
Brazil,26 Mar 1989,Nigel Mansell,MAN,Ferrari,61.0,1:38:58.744
San Marino,23 Apr 1989,Ayrton Senna,SEN,McLaren Honda,58.0,1:26:51.245
Monaco,07 May 1989,Ayrton Senna,SEN,McLaren Honda,77.0,1:53:33.251
Mexico,28 May 1989,Ayrton Senna,SEN,McLaren Honda,69.0,1:35:21.431
United States,04 Jun 1989,Alain Prost,PRO,McLaren Honda,75.0,2:01:33.133
Canada,18 Jun 1989,Thierry Boutsen,BOU,Williams Renault,69.0,2:01:24.073
France,09 Jul 1989,Alain Prost,PRO,McLaren Honda,80.0,1:38:29.411
Great Britain,16 Jul 1989,Alain Prost,PRO,McLaren Honda,64.0,1:19:22.131
Germany,30 Jul 1989,Ayrton Senna,SEN,McLaren Honda,45.0,1:21:43.302
Hungary,13 Aug 1989,Nigel Mansell,MAN,Ferrari,77.0,1:49:38.650
Belgium,27 Aug 1989,Ayrton Senna,SEN,McLaren Honda,44.0,1:40:54.196
Italy,10 Sep 1989,Alain Prost,PRO,McLaren Honda,53.0,1:19:27.550
Portugal,24 Sep 1989,Gerhard Berger,BER,Ferrari,71.0,1:36:48.546
Spain,01 Oct 1989,Ayrton Senna,SEN,McLaren Honda,72.0,1:47:48.264
Japan,22 Oct 1989,Alessandro Nannini,NAN,Benetton Ford,53.0,1:35:06.277
Australia,05 Nov 1989,Thierry Boutsen,BOU,Williams Renault,70.0,2:00:17.421
United States,11 Mar 1990,Ayrton Senna,SEN,McLaren Honda,72.0,1:52:32.829
Brazil,25 Mar 1990,Alain Prost,PRO,Ferrari,71.0,1:37:21.258
San Marino,13 May 1990,Riccardo Patrese,PAT,Williams Renault,61.0,1:30:55.478
Monaco,27 May 1990,Ayrton Senna,SEN,McLaren Honda,78.0,1:52:46.982
Canada,10 Jun 1990,Ayrton Senna,SEN,McLaren Honda,70.0,1:42:56.400
Mexico,24 Jun 1990,Alain Prost,PRO,Ferrari,69.0,1:32:35.783
France,08 Jul 1990,Alain Prost,PRO,Ferrari,80.0,1:33:29.606
Great Britain,15 Jul 1990,Alain Prost,PRO,Ferrari,64.0,1:18:30.999
Germany,29 Jul 1990,Ayrton Senna,SEN,McLaren Honda,45.0,1:20:47.164
Hungary,12 Aug 1990,Thierry Boutsen,BOU,Williams Renault,77.0,1:49:30.597
Belgium,26 Aug 1990,Ayrton Senna,SEN,McLaren Honda,44.0,1:26:31.997
Italy,09 Sep 1990,Ayrton Senna,SEN,McLaren Honda,53.0,1:17:57.878
Portugal,23 Sep 1990,Nigel Mansell,MAN,Ferrari,61.0,1:22:11.014
Spain,30 Sep 1990,Alain Prost,PRO,Ferrari,73.0,1:48:01.461
Japan,21 Oct 1990,Nelson Piquet,PIQ,Benetton Ford,53.0,1:34:36.824
Australia,04 Nov 1990,Nelson Piquet,PIQ,Benetton Ford,81.0,1:49:44.570
United States,10 Mar 1991,Ayrton Senna,SEN,McLaren Honda,81.0,2:00:47.828
Brazil,24 Mar 1991,Ayrton Senna,SEN,McLaren Honda,71.0,1:38:28.128
San Marino,28 Apr 1991,Ayrton Senna,SEN,McLaren Honda,61.0,1:35:14.750
Monaco,12 May 1991,Ayrton Senna,SEN,McLaren Honda,78.0,1:53:02.334
Canada,02 Jun 1991,Nelson Piquet,PIQ,Benetton Ford,69.0,1:38:51.490
Mexico,16 Jun 1991,Riccardo Patrese,PAT,Williams Renault,67.0,1:29:52.205
France,07 Jul 1991,Nigel Mansell,MAN,Williams Renault,72.0,1:38:00.056
Great Britain,14 Jul 1991,Nigel Mansell,MAN,Williams Renault,59.0,1:27:35.479
Germany,28 Jul 1991,Nigel Mansell,MAN,Williams Renault,45.0,1:19:29.661
Hungary,11 Aug 1991,Ayrton Senna,SEN,McLaren Honda,77.0,1:49:12.796
Belgium,25 Aug 1991,Ayrton Senna,SEN,McLaren Honda,44.0,1:27:17.669
Italy,08 Sep 1991,Nigel Mansell,MAN,Williams Renault,53.0,1:17:54.319
Portugal,22 Sep 1991,Riccardo Patrese,PAT,Williams Renault,71.0,1:35:42.304
Spain,29 Sep 1991,Nigel Mansell,MAN,Williams Renault,65.0,1:38:41.541
Japan,20 Oct 1991,Gerhard Berger,BER,McLaren Honda,53.0,1:32:10.695
Australia,03 Nov 1991,Ayrton Senna,SEN,McLaren Honda,14.0,24:34.899
South Africa,01 Mar 1992,Nigel Mansell,MAN,Williams Renault,72.0,1:36:45.320
Mexico,22 Mar 1992,Nigel Mansell,MAN,Williams Renault,69.0,1:31:53.587
Brazil,05 Apr 1992,Nigel Mansell,MAN,Williams Renault,71.0,1:36:51.856
Spain,03 May 1992,Nigel Mansell,MAN,Williams Renault,65.0,1:56:10.674
San Marino,17 May 1992,Nigel Mansell,MAN,Williams Renault,60.0,1:28:40.927
Monaco,31 May 1992,Ayrton Senna,SEN,McLaren Honda,78.0,1:50:59.372
Canada,14 Jun 1992,Gerhard Berger,BER,McLaren Honda,69.0,1:37:08.299
France,05 Jul 1992,Nigel Mansell,MAN,Williams Renault,69.0,1:38:08.459
Great Britain,12 Jul 1992,Nigel Mansell,MAN,Williams Renault,59.0,1:25:42.991
Germany,26 Jul 1992,Nigel Mansell,MAN,Williams Renault,45.0,1:18:22.032
Hungary,16 Aug 1992,Ayrton Senna,SEN,McLaren Honda,77.0,1:46:19.216
Belgium,30 Aug 1992,Michael Schumacher,MSC,Benetton Ford,44.0,1:36:10.721
Italy,13 Sep 1992,Ayrton Senna,SEN,McLaren Honda,53.0,1:18:15.349
Portugal,27 Sep 1992,Nigel Mansell,MAN,Williams Renault,71.0,1:34:46.659
Japan,25 Oct 1992,Riccardo Patrese,PAT,Williams Renault,53.0,1:33:09.553
Australia,08 Nov 1992,Gerhard Berger,BER,McLaren Honda,82.0,1:46:54.786
South Africa,14 Mar 1993,Alain Prost,PRO,Williams Renault,72.0,1:38:45.082
Brazil,28 Mar 1993,Ayrton Senna,SEN,McLaren Ford,71.0,1:51:15.485
Europe,11 Apr 1993,Ayrton Senna,SEN,McLaren Ford,76.0,1:50:46.570
San Marino,25 Apr 1993,Alain Prost,PRO,Williams Renault,61.0,1:33:20.413
Spain,09 May 1993,Alain Prost,PRO,Williams Renault,65.0,1:32:27.685
Monaco,23 May 1993,Ayrton Senna,SEN,McLaren Ford,78.0,1:52:10.947
Canada,13 Jun 1993,Alain Prost,PRO,Williams Renault,69.0,1:36:41.822
France,04 Jul 1993,Alain Prost,PRO,Williams Renault,72.0,1:38:35.241
Great Britain,11 Jul 1993,Alain Prost,PRO,Williams Renault,59.0,1:25:38.189
Germany,25 Jul 1993,Alain Prost,PRO,Williams Renault,45.0,1:18:40.885
Hungary,15 Aug 1993,Damon Hill,HIL,Williams Renault,77.0,1:47:39.098
Belgium,29 Aug 1993,Damon Hill,HIL,Williams Renault,44.0,1:24:32.124
Italy,12 Sep 1993,Damon Hill,HIL,Williams Renault,53.0,1:17:07.509
Portugal,26 Sep 1993,Michael Schumacher,MSC,Benetton Ford,71.0,1:32:46.309
Japan,24 Oct 1993,Ayrton Senna,SEN,McLaren Ford,53.0,1:40:27.912
Australia,07 Nov 1993,Ayrton Senna,SEN,McLaren Ford,79.0,1:43:27.476
Brazil,27 Mar 1994,Michael Schumacher,MSC,Benetton Ford,71.0,1:35:38.759
Pacific,17 Apr 1994,Michael Schumacher,MSC,Benetton Ford,83.0,1:46:01.693
San Marino,01 May 1994,Michael Schumacher,MSC,Benetton Ford,58.0,1:28:28.642
Monaco,15 May 1994,Michael Schumacher,MSC,Benetton Ford,78.0,1:49:55.372
Spain,29 May 1994,Damon Hill,HIL,Williams Renault,65.0,1:36:14.374
Canada,12 Jun 1994,Michael Schumacher,MSC,Benetton Ford,69.0,1:44:31.887
France,03 Jul 1994,Michael Schumacher,MSC,Benetton Ford,72.0,1:38:35.704
Great Britain,10 Jul 1994,Damon Hill,HIL,Williams Renault,60.0,1:30:03.640
Germany,31 Jul 1994,Gerhard Berger,BER,Ferrari,45.0,1:22:37.272
Hungary,14 Aug 1994,Michael Schumacher,MSC,Benetton Ford,77.0,1:48:00.185
Belgium,28 Aug 1994,Damon Hill,HIL,Williams Renault,44.0,1:28:47.170
Italy,11 Sep 1994,Damon Hill,HIL,Williams Renault,53.0,1:18:02.754
Portugal,25 Sep 1994,Damon Hill,HIL,Williams Renault,71.0,1:41:10.165
Europe,16 Oct 1994,Michael Schumacher,MSC,Benetton Ford,69.0,1:40:26.689
Japan,06 Nov 1994,Damon Hill,HIL,Williams Renault,50.0,1:55:53.532
Australia,13 Nov 1994,Nigel Mansell,MAN,Williams Renault,81.0,1:47:51.480
Brazil,26 Mar 1995,Michael Schumacher,MSC,Benetton Renault,71.0,1:38:34.154
Argentina,09 Apr 1995,Damon Hill,HIL,Williams Renault,71.0,1:51:39.531
San Marino,30 Apr 1995,Damon Hill,HIL,Williams Renault,63.0,1:41:42.552
Spain,14 May 1995,Michael Schumacher,MSC,Benetton Renault,65.0,1:34:20.507
Monaco,28 May 1995,Michael Schumacher,MSC,Benetton Renault,78.0,1:53:11.258
Canada,11 Jun 1995,Jean Alesi,ALE,Ferrari,69.0,1:46:31.333
France,02 Jul 1995,Michael Schumacher,MSC,Benetton Renault,72.0,1:38:28.429
Great Britain,16 Jul 1995,Johnny Herbert,HER,Benetton Renault,61.0,1:34:35.093
Germany,30 Jul 1995,Michael Schumacher,MSC,Benetton Renault,45.0,1:22:56.043
Hungary,13 Aug 1995,Damon Hill,HIL,Williams Renault,77.0,1:46:25.721
Belgium,27 Aug 1995,Michael Schumacher,MSC,Benetton Renault,44.0,1:36:47.875
Italy,10 Sep 1995,Johnny Herbert,HER,Benetton Renault,53.0,1:18:27.916
Portugal,24 Sep 1995,David Coulthard,COU,Williams Renault,71.0,1:41:52.145
Europe,01 Oct 1995,Michael Schumacher,MSC,Benetton Renault,67.0,1:39:59.044
Pacific,22 Oct 1995,Michael Schumacher,MSC,Benetton Renault,83.0,1:48:49.972
Japan,29 Oct 1995,Michael Schumacher,MSC,Benetton Renault,53.0,1:36:52.930
Australia,12 Nov 1995,Damon Hill,HIL,Williams Renault,81.0,1:49:15.946
Australia,10 Mar 1996,Damon Hill,HIL,Williams Renault,58.0,1:32:50.491
Brazil,31 Mar 1996,Damon Hill,HIL,Williams Renault,71.0,1:49:52.976
Argentina,07 Apr 1996,Damon Hill,HIL,Williams Renault,72.0,1:54:55.322
Europe,28 Apr 1996,Jacques Villeneuve,VIL,Williams Renault,67.0,1:33:26.473
San Marino,05 May 1996,Damon Hill,HIL,Williams Renault,63.0,1:35:26.156
Monaco,19 May 1996,Olivier Panis,PAN,Ligier Mugen Honda,75.0,2:00:45.629
Spain,02 Jun 1996,Michael Schumacher,MSC,Ferrari,65.0,1:59:49.307
Canada,16 Jun 1996,Damon Hill,HIL,Williams Renault,69.0,1:36:03.465
France,30 Jun 1996,Damon Hill,HIL,Williams Renault,72.0,1:36:28.795
Great Britain,14 Jul 1996,Jacques Villeneuve,VIL,Williams Renault,61.0,1:33:00.874
Germany,28 Jul 1996,Damon Hill,HIL,Williams Renault,45.0,1:21:43.417
Hungary,11 Aug 1996,Jacques Villeneuve,VIL,Williams Renault,77.0,1:46:21.134
Belgium,25 Aug 1996,Michael Schumacher,MSC,Ferrari,44.0,1:28:15.125
Italy,08 Sep 1996,Michael Schumacher,MSC,Ferrari,53.0,1:17:43.632
Portugal,22 Sep 1996,Jacques Villeneuve,VIL,Williams Renault,70.0,1:40:22.915
Japan,13 Oct 1996,Damon Hill,HIL,Williams Renault,52.0,1:32:33.791
Australia,09 Mar 1997,David Coulthard,COU,McLaren Mercedes,58.0,1:30:28.718
Brazil,30 Mar 1997,Jacques Villeneuve,VIL,Williams Renault,72.0,1:36:06.990
Argentina,13 Apr 1997,Jacques Villeneuve,VIL,Williams Renault,72.0,1:52:01.715
San Marino,27 Apr 1997,Heinz-Harald Frentzen,FRE,Williams Renault,62.0,1:31:00.673
Monaco,11 May 1997,Michael Schumacher,MSC,Ferrari,62.0,2:00:05.654
Spain,25 May 1997,Jacques Villeneuve,VIL,Williams Renault,64.0,1:30:35.896
Canada,15 Jun 1997,Michael Schumacher,MSC,Ferrari,54.0,1:17:40.646
France,29 Jun 1997,Michael Schumacher,MSC,Ferrari,72.0,1:38:50.492
Great Britain,13 Jul 1997,Jacques Villeneuve,VIL,Williams Renault,59.0,1:28:01.665
Germany,27 Jul 1997,Gerhard Berger,BER,Benetton Renault,45.0,1:20:59.046
Hungary,10 Aug 1997,Jacques Villeneuve,VIL,Williams Renault,77.0,1:45:47.149
Belgium,24 Aug 1997,Michael Schumacher,MSC,Ferrari,44.0,1:33:46.717
Italy,07 Sep 1997,David Coulthard,COU,McLaren Mercedes,53.0,1:17:04.609
Austria,21 Sep 1997,Jacques Villeneuve,VIL,Williams Renault,71.0,1:27:35.999
Luxembourg,28 Sep 1997,Jacques Villeneuve,VIL,Williams Renault,67.0,1:31:27.843
Japan,12 Oct 1997,Michael Schumacher,MSC,Ferrari,53.0,1:29:48.446
Europe,26 Oct 1997,Mika Hakkinen,HAK,McLaren Mercedes,69.0,1:38:57.771
Australia,08 Mar 1998,Mika Hakkinen,HAK,McLaren Mercedes,58.0,1:31:45.996
Brazil,29 Mar 1998,Mika Hakkinen,HAK,McLaren Mercedes,72.0,1:37:11.747
Argentina,12 Apr 1998,Michael Schumacher,MSC,Ferrari,72.0,1:48:36.175
San Marino,26 Apr 1998,David Coulthard,COU,McLaren Mercedes,62.0,1:34:24.593
Spain,10 May 1998,Mika Hakkinen,HAK,McLaren Mercedes,65.0,1:33:37.621
Monaco,24 May 1998,Mika Hakkinen,HAK,McLaren Mercedes,78.0,1:51:23.595
Canada,07 Jun 1998,Michael Schumacher,MSC,Ferrari,69.0,1:40:57.355
France,28 Jun 1998,Michael Schumacher,MSC,Ferrari,71.0,1:34:45.026
Great Britain,12 Jul 1998,Michael Schumacher,MSC,Ferrari,60.0,1:47:02.450
Austria,26 Jul 1998,Mika Hakkinen,HAK,McLaren Mercedes,71.0,1:30:44.086
Germany,02 Aug 1998,Mika Hakkinen,HAK,McLaren Mercedes,45.0,1:20:47.984
Hungary,16 Aug 1998,Michael Schumacher,MSC,Ferrari,77.0,1:45:25.550
Belgium,30 Aug 1998,Damon Hill,HIL,Jordan Mugen Honda,44.0,1:43:47.407
Italy,13 Sep 1998,Michael Schumacher,MSC,Ferrari,53.0,1:17:09.672
Luxembourg,27 Sep 1998,Mika Hakkinen,HAK,McLaren Mercedes,67.0,1:32:14.789
Japan,01 Nov 1998,Mika Hakkinen,HAK,McLaren Mercedes,51.0,1:27:22.535
Australia,07 Mar 1999,Eddie Irvine,IRV,Ferrari,57.0,1:35:01.659
Brazil,11 Apr 1999,Mika Hakkinen,HAK,McLaren Mercedes,72.0,1:36:03.785
San Marino,02 May 1999,Michael Schumacher,MSC,Ferrari,62.0,1:33:44.792
Monaco,16 May 1999,Michael Schumacher,MSC,Ferrari,78.0,1:49:31.812
Spain,30 May 1999,Mika Hakkinen,HAK,McLaren Mercedes,65.0,1:34:13.665
Canada,13 Jun 1999,Mika Hakkinen,HAK,McLaren Mercedes,69.0,1:41:35.727
France,27 Jun 1999,Heinz-Harald Frentzen,FRE,Jordan Mugen Honda,72.0,1:58:24.343
Great Britain,11 Jul 1999,David Coulthard,COU,McLaren Mercedes,60.0,1:32:30.144
Austria,25 Jul 1999,Eddie Irvine,IRV,Ferrari,71.0,1:28:12.438
Germany,01 Aug 1999,Eddie Irvine,IRV,Ferrari,45.0,1:21:58.594
Hungary,15 Aug 1999,Mika Hakkinen,HAK,McLaren Mercedes,77.0,1:46:23.536
Belgium,29 Aug 1999,David Coulthard,COU,McLaren Mercedes,44.0,1:25:43.057
Italy,12 Sep 1999,Heinz-Harald Frentzen,FRE,Jordan Mugen Honda,53.0,1:17:02.923
Europe,26 Sep 1999,Johnny Herbert,HER,Stewart Ford,66.0,1:41:54.314
Malaysia,17 Oct 1999,Eddie Irvine,IRV,Ferrari,56.0,1:36:38.494
Japan,31 Oct 1999,Mika Hakkinen,HAK,McLaren Mercedes,53.0,1:31:18.785
Australia,12 Mar 2000,Michael Schumacher,MSC,Ferrari,58.0,1:34:01.987
Brazil,26 Mar 2000,Michael Schumacher,MSC,Ferrari,71.0,1:31:35.271
San Marino,09 Apr 2000,Michael Schumacher,MSC,Ferrari,62.0,1:31:39.776
Great Britain,23 Apr 2000,David Coulthard,COU,McLaren Mercedes,60.0,1:28:50.108
Spain,07 May 2000,Mika Hakkinen,HAK,McLaren Mercedes,65.0,1:33:55.390
Europe,21 May 2000,Michael Schumacher,MSC,Ferrari,67.0,1:42:00.307
Monaco,04 Jun 2000,David Coulthard,COU,McLaren Mercedes,78.0,1:49:28.213
Canada,18 Jun 2000,Michael Schumacher,MSC,Ferrari,69.0,1:41:12.313
France,02 Jul 2000,David Coulthard,COU,McLaren Mercedes,72.0,1:38:05.538
Austria,16 Jul 2000,Mika Hakkinen,HAK,McLaren Mercedes,71.0,1:28:15.818
Germany,30 Jul 2000,Rubens Barrichello,BAR,Ferrari,45.0,1:25:34.418
Hungary,13 Aug 2000,Mika Hakkinen,HAK,McLaren Mercedes,77.0,1:45:33.869
Belgium,27 Aug 2000,Mika Hakkinen,HAK,McLaren Mercedes,44.0,1:28:14.494
Italy,10 Sep 2000,Michael Schumacher,MSC,Ferrari,53.0,1:27:31.638
United States,24 Sep 2000,Michael Schumacher,MSC,Ferrari,73.0,1:36:30.883
Japan,08 Oct 2000,Michael Schumacher,MSC,Ferrari,53.0,1:29:53.435
Malaysia,22 Oct 2000,Michael Schumacher,MSC,Ferrari,56.0,1:35:54.235
Australia,04 Mar 2001,Michael Schumacher,MSC,Ferrari,58.0,1:38:26.533
Malaysia,18 Mar 2001,Michael Schumacher,MSC,Ferrari,55.0,1:47:34.801
Brazil,01 Apr 2001,David Coulthard,COU,McLaren Mercedes,71.0,1:39:00.834
San Marino,15 Apr 2001,Ralf Schumacher,RSC,Williams BMW,62.0,1:30:44.817
Spain,29 Apr 2001,Michael Schumacher,MSC,Ferrari,65.0,1:31:03.305
Austria,13 May 2001,David Coulthard,COU,McLaren Mercedes,71.0,1:27:45.927
Monaco,27 May 2001,Michael Schumacher,MSC,Ferrari,78.0,1:47:22.561
Canada,10 Jun 2001,Ralf Schumacher,RSC,Williams BMW,69.0,1:34:31.522
Europe,24 Jun 2001,Michael Schumacher,MSC,Ferrari,67.0,1:29:42.724
France,01 Jul 2001,Michael Schumacher,MSC,Ferrari,72.0,1:33:35.636
Great Britain,15 Jul 2001,Mika Hakkinen,HAK,McLaren Mercedes,60.0,1:25:33.770
Germany,29 Jul 2001,Ralf Schumacher,RSC,Williams BMW,45.0,1:18:17.873
Hungary,19 Aug 2001,Michael Schumacher,MSC,Ferrari,77.0,1:41:49.675
Belgium,02 Sep 2001,Michael Schumacher,MSC,Ferrari,36.0,1:08:05.002
Italy,16 Sep 2001,Juan Pablo Montoya,MOY,Williams BMW,53.0,1:16:58.493
United States,30 Sep 2001,Mika Hakkinen,HAK,McLaren Mercedes,73.0,1:32:42.840
Japan,14 Oct 2001,Michael Schumacher,MSC,Ferrari,53.0,1:27:33.298
Australia,03 Mar 2002,Michael Schumacher,MSC,Ferrari,58.0,1:35:36.792
Malaysia,17 Mar 2002,Ralf Schumacher,RSC,Williams BMW,56.0,1:34:12.912
Brazil,31 Mar 2002,Michael Schumacher,MSC,Ferrari,71.0,1:31:43.663
San Marino,14 Apr 2002,Michael Schumacher,MSC,Ferrari,62.0,1:29:10.789
Spain,28 Apr 2002,Michael Schumacher,MSC,Ferrari,65.0,1:30:29.981
Austria,12 May 2002,Michael Schumacher,MSC,Ferrari,71.0,1:33:51.562
Monaco,26 May 2002,David Coulthard,COU,McLaren Mercedes,78.0,1:45:39.055
Canada,09 Jun 2002,Michael Schumacher,MSC,Ferrari,70.0,1:33:36.111
Europe,23 Jun 2002,Rubens Barrichello,BAR,Ferrari,60.0,1:35:07.426
Great Britain,07 Jul 2002,Michael Schumacher,MSC,Ferrari,60.0,1:31:45.015
France,21 Jul 2002,Michael Schumacher,MSC,Ferrari,72.0,1:32:09.837
Germany,28 Jul 2002,Michael Schumacher,MSC,Ferrari,67.0,1:27:52.078
Hungary,18 Aug 2002,Rubens Barrichello,BAR,Ferrari,77.0,1:41:49.001
Belgium,01 Sep 2002,Michael Schumacher,MSC,Ferrari,44.0,1:21:20.634
Italy,15 Sep 2002,Rubens Barrichello,BAR,Ferrari,53.0,1:16:19.982
United States,29 Sep 2002,Rubens Barrichello,BAR,Ferrari,73.0,1:31:07.934
Japan,13 Oct 2002,Michael Schumacher,MSC,Ferrari,53.0,1:26:59.698
Australia,09 Mar 2003,David Coulthard,COU,McLaren Mercedes,58.0,1:34:42.124
Malaysia,23 Mar 2003,Kimi Räikkönen,RAI,McLaren Mercedes,56.0,1:32:22.195
Brazil,06 Apr 2003,Giancarlo Fisichella,FIS,Jordan Ford,54.0,1:31:17.748
San Marino,20 Apr 2003,Michael Schumacher,MSC,Ferrari,62.0,1:28:12.058
Spain,04 May 2003,Michael Schumacher,MSC,Ferrari,65.0,1:33:46.933
Austria,18 May 2003,Michael Schumacher,MSC,Ferrari,69.0,1:24:04.888
Monaco,01 Jun 2003,Juan Pablo Montoya,MOY,Williams BMW,78.0,1:42:19.010
Canada,15 Jun 2003,Michael Schumacher,MSC,Ferrari,70.0,1:31:13.591
Europe,29 Jun 2003,Ralf Schumacher,RSC,Williams BMW,60.0,1:34:43.622
France,06 Jul 2003,Ralf Schumacher,RSC,Williams BMW,70.0,1:30:49.213
Great Britain,20 Jul 2003,Rubens Barrichello,BAR,Ferrari,60.0,1:28:37.554
Germany,03 Aug 2003,Juan Pablo Montoya,MOY,Williams BMW,67.0,1:28:48.769
Hungary,24 Aug 2003,Fernando Alonso,ALO,Renault,70.0,1:39:01.460
Italy,14 Sep 2003,Michael Schumacher,MSC,Ferrari,53.0,1:14:19.838
United States,28 Sep 2003,Michael Schumacher,MSC,Ferrari,73.0,1:33:35.997
Japan,12 Oct 2003,Rubens Barrichello,BAR,Ferrari,53.0,1:25:11.743
Australia,07 Mar 2004,Michael Schumacher,MSC,Ferrari,58.0,1:24:15.757
Malaysia,21 Mar 2004,Michael Schumacher,MSC,Ferrari,56.0,1:31:07.490
Bahrain,04 Apr 2004,Michael Schumacher,MSC,Ferrari,57.0,1:28:34.875
San Marino,25 Apr 2004,Michael Schumacher,MSC,Ferrari,62.0,1:26:19.670
Spain,09 May 2004,Michael Schumacher,MSC,Ferrari,66.0,1:27:32.841
Monaco,23 May 2004,Jarno Trulli,TRU,Renault,77.0,1:45:46.601
Europe,30 May 2004,Michael Schumacher,MSC,Ferrari,60.0,1:32:35.101
Canada,13 Jun 2004,Michael Schumacher,MSC,Ferrari,70.0,1:28:24.803
United States,20 Jun 2004,Michael Schumacher,MSC,Ferrari,73.0,1:40:29.914
France,04 Jul 2004,Michael Schumacher,MSC,Ferrari,70.0,1:30:18.133
Great Britain,11 Jul 2004,Michael Schumacher,MSC,Ferrari,60.0,1:24:42.700
Germany,25 Jul 2004,Michael Schumacher,MSC,Ferrari,66.0,1:23:54.848
Hungary,15 Aug 2004,Michael Schumacher,MSC,Ferrari,70.0,1:35:26.131
Belgium,29 Aug 2004,Kimi Räikkönen,RAI,McLaren Mercedes,44.0,1:32:35.274
Italy,12 Sep 2004,Rubens Barrichello,BAR,Ferrari,53.0,1:15:18.448
China,26 Sep 2004,Rubens Barrichello,BAR,Ferrari,56.0,1:29:12.420
Japan,10 Oct 2004,Michael Schumacher,MSC,Ferrari,53.0,1:24:26.985
Brazil,24 Oct 2004,Juan Pablo Montoya,MOY,Williams BMW,71.0,1:28:01.451
Australia,06 Mar 2005,Giancarlo Fisichella,FIS,Renault,57.0,1:24:17.336
Malaysia,20 Mar 2005,Fernando Alonso,ALO,Renault,56.0,1:31:33.736
Bahrain,03 Apr 2005,Fernando Alonso,ALO,Renault,57.0,1:29:18.531
San Marino,24 Apr 2005,Fernando Alonso,ALO,Renault,62.0,1:27:41.921
Spain,08 May 2005,Kimi Räikkönen,RAI,McLaren Mercedes,66.0,1:27:16.830
Monaco,22 May 2005,Kimi Räikkönen,RAI,McLaren Mercedes,78.0,1:45:15.556
Europe,29 May 2005,Fernando Alonso,ALO,Renault,59.0,1:31:46.648
Canada,12 Jun 2005,Kimi Räikkönen,RAI,McLaren Mercedes,70.0,1:32:09.290
United States,19 Jun 2005,Michael Schumacher,MSC,Ferrari,73.0,1:29:43.181
France,03 Jul 2005,Fernando Alonso,ALO,Renault,70.0,1:31:22.233
Great Britain,10 Jul 2005,Juan Pablo Montoya,MOY,McLaren Mercedes,60.0,1:24:29.588
Germany,24 Jul 2005,Fernando Alonso,ALO,Renault,67.0,1:26:28.599
Hungary,31 Jul 2005,Kimi Räikkönen,RAI,McLaren Mercedes,70.0,1:37:25.552
Turkey,21 Aug 2005,Kimi Räikkönen,RAI,McLaren Mercedes,58.0,1:24:34.454
Italy,04 Sep 2005,Juan Pablo Montoya,MOY,McLaren Mercedes,53.0,1:14:28.659
Belgium,11 Sep 2005,Kimi Räikkönen,RAI,McLaren Mercedes,44.0,1:30:01.295
Brazil,25 Sep 2005,Juan Pablo Montoya,MOY,McLaren Mercedes,71.0,1:29:20.574
Japan,09 Oct 2005,Kimi Räikkönen,RAI,McLaren Mercedes,53.0,1:29:02.212
China,16 Oct 2005,Fernando Alonso,ALO,Renault,56.0,1:39:53.618
Bahrain,12 Mar 2006,Fernando Alonso,ALO,Renault,57.0,1:29:46.205
Malaysia,19 Mar 2006,Giancarlo Fisichella,FIS,Renault,56.0,1:30:40.529
Australia,02 Apr 2006,Fernando Alonso,ALO,Renault,57.0,1:34:27.870
San Marino,23 Apr 2006,Michael Schumacher,MSC,Ferrari,62.0,1:31:06.486
Europe,07 May 2006,Michael Schumacher,MSC,Ferrari,60.0,1:35:58.765
Spain,14 May 2006,Fernando Alonso,ALO,Renault,66.0,1:26:21.759
Monaco,28 May 2006,Fernando Alonso,ALO,Renault,78.0,1:43:43.116
Great Britain,11 Jun 2006,Fernando Alonso,ALO,Renault,60.0,1:25:51.927
Canada,25 Jun 2006,Fernando Alonso,ALO,Renault,70.0,1:34:37.308
United States,02 Jul 2006,Michael Schumacher,MSC,Ferrari,73.0,1:34:35.199
France,16 Jul 2006,Michael Schumacher,MSC,Ferrari,70.0,1:32:07.803
Germany,30 Jul 2006,Michael Schumacher,MSC,Ferrari,67.0,1:27:51.693
Hungary,06 Aug 2006,Jenson Button,BUT,Honda,70.0,1:52:20.941
Turkey,27 Aug 2006,Felipe Massa,MAS,Ferrari,58.0,1:28:51.082
Italy,10 Sep 2006,Michael Schumacher,MSC,Ferrari,53.0,1:14:51.975
China,01 Oct 2006,Michael Schumacher,MSC,Ferrari,56.0,1:37:32.747
Japan,08 Oct 2006,Fernando Alonso,ALO,Renault,53.0,1:23:53.413
Brazil,22 Oct 2006,Felipe Massa,MAS,Ferrari,71.0,1:31:53.751
Australia,18 Mar 2007,Kimi Räikkönen,RAI,Ferrari,58.0,1:25:28.770
Malaysia,08 Apr 2007,Fernando Alonso,ALO,McLaren Mercedes,56.0,1:32:14.930
Bahrain,15 Apr 2007,Felipe Massa,MAS,Ferrari,57.0,1:33:27.515
Spain,13 May 2007,Felipe Massa,MAS,Ferrari,65.0,1:31:36.230
Monaco,27 May 2007,Fernando Alonso,ALO,McLaren Mercedes,78.0,1:40:29.329
Canada,10 Jun 2007,Lewis Hamilton,HAM,McLaren Mercedes,70.0,1:44:11.292
United States,17 Jun 2007,Lewis Hamilton,HAM,McLaren Mercedes,73.0,1:31:09.965
France,01 Jul 2007,Kimi Räikkönen,RAI,Ferrari,70.0,1:30:54.200
Great Britain,08 Jul 2007,Kimi Räikkönen,RAI,Ferrari,59.0,1:21:43.074
Europe,22 Jul 2007,Fernando Alonso,ALO,McLaren Mercedes,60.0,2:06:26.358
Hungary,05 Aug 2007,Lewis Hamilton,HAM,McLaren Mercedes,70.0,1:35:52.991
Turkey,26 Aug 2007,Felipe Massa,MAS,Ferrari,58.0,1:26:42.161
Italy,09 Sep 2007,Fernando Alonso,ALO,McLaren Mercedes,53.0,1:18:37.806
Belgium,16 Sep 2007,Kimi Räikkönen,RAI,Ferrari,44.0,1:20:39.066
Japan,30 Sep 2007,Lewis Hamilton,HAM,McLaren Mercedes,67.0,2:00:34.579
China,07 Oct 2007,Kimi Räikkönen,RAI,Ferrari,56.0,1:37:58.395
Brazil,21 Oct 2007,Kimi Räikkönen,RAI,Ferrari,71.0,1:28:15.270
Australia,16 Mar 2008,Lewis Hamilton,HAM,McLaren Mercedes,58.0,1:34:50.616
Malaysia,23 Mar 2008,Kimi Räikkönen,RAI,Ferrari,56.0,1:31:18.555
Bahrain,06 Apr 2008,Felipe Massa,MAS,Ferrari,57.0,1:31:06.970
Spain,27 Apr 2008,Kimi Räikkönen,RAI,Ferrari,66.0,1:38:19.051
Turkey,11 May 2008,Felipe Massa,MAS,Ferrari,58.0,1:26:49.451
Monaco,25 May 2008,Lewis Hamilton,HAM,McLaren Mercedes,76.0,2:00:42.742
Canada,08 Jun 2008,Robert Kubica,KUB,Sauber BMW,70.0,1:36:24.447
France,22 Jun 2008,Felipe Massa,MAS,Ferrari,70.0,1:31:50.245
Great Britain,06 Jul 2008,Lewis Hamilton,HAM,McLaren Mercedes,60.0,1:39:09.440
Germany,20 Jul 2008,Lewis Hamilton,HAM,McLaren Mercedes,67.0,1:31:20.874
Hungary,03 Aug 2008,Heikki Kovalainen,KOV,McLaren Mercedes,70.0,1:37:27.067
Europe,24 Aug 2008,Felipe Massa,MAS,Ferrari,57.0,1:35:32.339
Belgium,07 Sep 2008,Felipe Massa,MAS,Ferrari,44.0,1:22:59.394
Italy,14 Sep 2008,Sebastian Vettel,VET,STR Ferrari,53.0,1:26:47.494
Singapore,28 Sep 2008,Fernando Alonso,ALO,Renault,61.0,1:57:16.304
Japan,12 Oct 2008,Fernando Alonso,ALO,Renault,67.0,1:30:21.892
China,19 Oct 2008,Lewis Hamilton,HAM,McLaren Mercedes,56.0,1:31:57.403
Brazil,02 Nov 2008,Felipe Massa,MAS,Ferrari,71.0,1:34:11.435
Australia,29 Mar 2009,Jenson Button,BUT,Brawn Mercedes,58.0,1:34:15.784
Malaysia,05 Apr 2009,Jenson Button,BUT,Brawn Mercedes,31.0,55:30.622
China,19 Apr 2009,Sebastian Vettel,VET,RBR Renault,56.0,1:57:43.485
Bahrain,26 Apr 2009,Jenson Button,BUT,Brawn Mercedes,57.0,1:31:48.182
Spain,10 May 2009,Jenson Button,BUT,Brawn Mercedes,66.0,1:37:19.202
Monaco,24 May 2009,Jenson Button,BUT,Brawn Mercedes,78.0,1:40:44.282
Turkey,07 Jun 2009,Jenson Button,BUT,Brawn Mercedes,58.0,1:26:24.848
Great Britain,21 Jun 2009,Sebastian Vettel,VET,RBR Renault,60.0,1:22:49.328
Germany,12 Jul 2009,Mark Webber,WEB,RBR Renault,60.0,1:36:43.310
Hungary,26 Jul 2009,Lewis Hamilton,HAM,McLaren Mercedes,70.0,1:38:23.876
Europe,23 Aug 2009,Rubens Barrichello,BAR,Brawn Mercedes,57.0,1:35:51.289
Belgium,30 Aug 2009,Kimi Räikkönen,RAI,Ferrari,44.0,1:23:50.995
Italy,13 Sep 2009,Rubens Barrichello,BAR,Brawn Mercedes,53.0,1:16:21.706
Singapore,27 Sep 2009,Lewis Hamilton,HAM,McLaren Mercedes,61.0,1:56:06.337
Japan,04 Oct 2009,Sebastian Vettel,VET,RBR Renault,53.0,1:28:20.443
Brazil,18 Oct 2009,Mark Webber,WEB,RBR Renault,71.0,1:32:23.081
Abu Dhabi,01 Nov 2009,Sebastian Vettel,VET,RBR Renault,55.0,1:34:03.414
Bahrain,14 Mar 2010,Fernando Alonso,ALO,Ferrari,49.0,1:39:20.396
Australia,28 Mar 2010,Jenson Button,BUT,McLaren Mercedes,58.0,1:33:36.531
Malaysia,04 Apr 2010,Sebastian Vettel,VET,RBR Renault,56.0,1:33:48.412
China,18 Apr 2010,Jenson Button,BUT,McLaren Mercedes,56.0,1:46:42.163
Spain,09 May 2010,Mark Webber,WEB,RBR Renault,66.0,1:35:44.101
Monaco,16 May 2010,Mark Webber,WEB,RBR Renault,78.0,1:50:13.355
Turkey,30 May 2010,Lewis Hamilton,HAM,McLaren Mercedes,58.0,1:28:47.620
Canada,13 Jun 2010,Lewis Hamilton,HAM,McLaren Mercedes,70.0,1:33:53.456
Europe,27 Jun 2010,Sebastian Vettel,VET,RBR Renault,57.0,1:40:29.571
Great Britain,11 Jul 2010,Mark Webber,WEB,RBR Renault,52.0,1:24:38.200
Germany,25 Jul 2010,Fernando Alonso,ALO,Ferrari,67.0,1:27:38.864
Hungary,01 Aug 2010,Mark Webber,WEB,RBR Renault,70.0,1:41:05.571
Belgium,29 Aug 2010,Lewis Hamilton,HAM,McLaren Mercedes,44.0,1:29:04.268
Italy,12 Sep 2010,Fernando Alonso,ALO,Ferrari,53.0,1:16:24.572
Singapore,26 Sep 2010,Fernando Alonso,ALO,Ferrari,61.0,1:57:53.579
Japan,10 Oct 2010,Sebastian Vettel,VET,RBR Renault,53.0,1:30:27.323
South Korea,24 Oct 2010,Fernando Alonso,ALO,Ferrari,55.0,2:48:20.810
Brazil,07 Nov 2010,Sebastian Vettel,VET,RBR Renault,71.0,1:33:11.803
Abu Dhabi,14 Nov 2010,Sebastian Vettel,VET,RBR Renault,55.0,1:39:36.837
Australia,27 Mar 2011,Sebastian Vettel,VET,Red Bull Racing Renault,58.0,1:29:30.259
Malaysia,10 Apr 2011,Sebastian Vettel,VET,Red Bull Racing Renault,56.0,1:37:39.832
China,17 Apr 2011,Lewis Hamilton,HAM,McLaren Mercedes,56.0,1:36:58.226
Turkey,08 May 2011,Sebastian Vettel,VET,Red Bull Racing Renault,58.0,1:30:17.558
Spain,22 May 2011,Sebastian Vettel,VET,Red Bull Racing Renault,66.0,1:39:03.301
Monaco,29 May 2011,Sebastian Vettel,VET,Red Bull Racing Renault,78.0,2:09:38.373
Canada,12 Jun 2011,Jenson Button,BUT,McLaren Mercedes,70.0,4:04:39.537
Europe,26 Jun 2011,Sebastian Vettel,VET,Red Bull Racing Renault,57.0,1:39:36.169
Great Britain,10 Jul 2011,Fernando Alonso,ALO,Ferrari,52.0,1:28:41.196
Germany,24 Jul 2011,Lewis Hamilton,HAM,McLaren Mercedes,60.0,1:37:30.334
Hungary,31 Jul 2011,Jenson Button,BUT,McLaren Mercedes,70.0,1:46:42.337
Belgium,28 Aug 2011,Sebastian Vettel,VET,Red Bull Racing Renault,44.0,1:26:44.893
Italy,11 Sep 2011,Sebastian Vettel,VET,Red Bull Racing Renault,53.0,1:20:46.172
Singapore,25 Sep 2011,Sebastian Vettel,VET,Red Bull Racing Renault,61.0,1:59:06.757
Japan,09 Oct 2011,Jenson Button,BUT,McLaren Mercedes,53.0,1:30:53.427
South Korea,16 Oct 2011,Sebastian Vettel,VET,Red Bull Racing Renault,55.0,1:38:01.994
India,30 Oct 2011,Sebastian Vettel,VET,Red Bull Racing Renault,60.0,1:30:35.002
Abu Dhabi,13 Nov 2011,Lewis Hamilton,HAM,McLaren Mercedes,55.0,1:37:11.886
Brazil,27 Nov 2011,Mark Webber,WEB,Red Bull Racing Renault,71.0,1:32:17.464
Australia,18 Mar 2012,Jenson Button,BUT,McLaren Mercedes,58.0,1:34:09.565
Malaysia,25 Mar 2012,Fernando Alonso,ALO,Ferrari,56.0,2:44:51.812
China,15 Apr 2012,Nico Rosberg,ROS,Mercedes,56.0,1:36:26.929
Bahrain,22 Apr 2012,Sebastian Vettel,VET,Red Bull Racing Renault,57.0,1:35:10.990
Spain,13 May 2012,Pastor Maldonado,MAL,Williams Renault,66.0,1:39:09.145
Monaco,27 May 2012,Mark Webber,WEB,Red Bull Racing Renault,78.0,1:46:06.557
Canada,10 Jun 2012,Lewis Hamilton,HAM,McLaren Mercedes,70.0,1:32:29.586
Europe,24 Jun 2012,Fernando Alonso,ALO,Ferrari,57.0,1:44:16.649
Great Britain,08 Jul 2012,Mark Webber,WEB,Red Bull Racing Renault,52.0,1:25:11.288
Germany,22 Jul 2012,Fernando Alonso,ALO,Ferrari,67.0,1:31:05.862
Hungary,29 Jul 2012,Lewis Hamilton,HAM,McLaren Mercedes,69.0,1:41:05.503
Belgium,02 Sep 2012,Jenson Button,BUT,McLaren Mercedes,44.0,1:29:08.530
Italy,09 Sep 2012,Lewis Hamilton,HAM,McLaren Mercedes,53.0,1:19:41.221
Singapore,23 Sep 2012,Sebastian Vettel,VET,Red Bull Racing Renault,59.0,2:00:26.144
Japan,07 Oct 2012,Sebastian Vettel,VET,Red Bull Racing Renault,53.0,1:28:56.242
South Korea,14 Oct 2012,Sebastian Vettel,VET,Red Bull Racing Renault,55.0,1:36:28.651
India,28 Oct 2012,Sebastian Vettel,VET,Red Bull Racing Renault,60.0,1:31:10.744
Abu Dhabi,04 Nov 2012,Kimi Räikkönen,RAI,Lotus Renault,55.0,1:45:58.667
United States,18 Nov 2012,Lewis Hamilton,HAM,McLaren Mercedes,56.0,1:35:55.269
Brazil,25 Nov 2012,Jenson Button,BUT,McLaren Mercedes,71.0,1:45:22.656
Australia,17 Mar 2013,Kimi Räikkönen,RAI,Lotus Renault,58.0,1:30:03.225
Malaysia,24 Mar 2013,Sebastian Vettel,VET,Red Bull Racing Renault,56.0,1:38:56.681
China,14 Apr 2013,Fernando Alonso,ALO,Ferrari,56.0,1:36:26.945
Bahrain,21 Apr 2013,Sebastian Vettel,VET,Red Bull Racing Renault,57.0,1:36:00.498
Spain,12 May 2013,Fernando Alonso,ALO,Ferrari,66.0,1:39:16.596
Monaco,26 May 2013,Nico Rosberg,ROS,Mercedes,78.0,2:17:52.056
Canada,09 Jun 2013,Sebastian Vettel,VET,Red Bull Racing Renault,70.0,1:32:09.143
Great Britain,30 Jun 2013,Nico Rosberg,ROS,Mercedes,52.0,1:32:59.456
Germany,07 Jul 2013,Sebastian Vettel,VET,Red Bull Racing Renault,60.0,1:41:14.711
Hungary,28 Jul 2013,Lewis Hamilton,HAM,Mercedes,70.0,1:42:29.445
Belgium,25 Aug 2013,Sebastian Vettel,VET,Red Bull Racing Renault,44.0,1:23:42.196
Italy,08 Sep 2013,Sebastian Vettel,VET,Red Bull Racing Renault,53.0,1:18:33.352
Singapore,22 Sep 2013,Sebastian Vettel,VET,Red Bull Racing Renault,61.0,1:59:13.132
South Korea,06 Oct 2013,Sebastian Vettel,VET,Red Bull Racing Renault,55.0,1:43:13.701
Japan,13 Oct 2013,Sebastian Vettel,VET,Red Bull Racing Renault,53.0,1:26:49.301
India,27 Oct 2013,Sebastian Vettel,VET,Red Bull Racing Renault,60.0,1:31:12.187
Abu Dhabi,03 Nov 2013,Sebastian Vettel,VET,Red Bull Racing Renault,55.0,1:38:06.106
United States,17 Nov 2013,Sebastian Vettel,VET,Red Bull Racing Renault,56.0,1:39:17.148
Brazil,24 Nov 2013,Sebastian Vettel,VET,Red Bull Racing Renault,71.0,1:32:36.300
Australia,16 Mar 2014,Nico Rosberg,ROS,Mercedes,57.0,1:32:58.710
Malaysia,30 Mar 2014,Lewis Hamilton,HAM,Mercedes,56.0,1:40:25.974
Bahrain,06 Apr 2014,Lewis Hamilton,HAM,Mercedes,57.0,1:39:42.743
China,20 Apr 2014,Lewis Hamilton,HAM,Mercedes,54.0,1:33:28.338
Spain,11 May 2014,Lewis Hamilton,HAM,Mercedes,66.0,1:41:05.155
Monaco,25 May 2014,Nico Rosberg,ROS,Mercedes,78.0,1:49:27.661
Canada,08 Jun 2014,Daniel Ricciardo,RIC,Red Bull Racing Renault,70.0,1:39:12.830
Austria,22 Jun 2014,Nico Rosberg,ROS,Mercedes,71.0,1:27:54.976
Great Britain,06 Jul 2014,Lewis Hamilton,HAM,Mercedes,52.0,2:26:52.094
Germany,20 Jul 2014,Nico Rosberg,ROS,Mercedes,67.0,1:33:42.914
Hungary,27 Jul 2014,Daniel Ricciardo,RIC,Red Bull Racing Renault,70.0,1:53:05.058
Belgium,24 Aug 2014,Daniel Ricciardo,RIC,Red Bull Racing Renault,44.0,1:24:36.556
Italy,07 Sep 2014,Lewis Hamilton,HAM,Mercedes,53.0,1:19:10.236
Singapore,21 Sep 2014,Lewis Hamilton,HAM,Mercedes,60.0,2:00:04.795
Japan,05 Oct 2014,Lewis Hamilton,HAM,Mercedes,44.0,1:51:43.021
Russia,21 Oct 2014,Lewis Hamilton,HAM,Mercedes,53.0,1:31:50.744
United States,02 Nov 2014,Lewis Hamilton,HAM,Mercedes,56.0,1:40:04.785
Brazil,09 Nov 2014,Nico Rosberg,ROS,Mercedes,71.0,1:30:02.555
Abu Dhabi,23 Nov 2014,Lewis Hamilton,HAM,Mercedes,55.0,1:39:02.619
Australia,15 Mar 2015,Lewis Hamilton,HAM,Mercedes,58.0,1:31:54.067
Malaysia,29 Mar 2015,Sebastian Vettel,VET,Ferrari,56.0,1:41:05.793
China,12 Apr 2015,Lewis Hamilton,HAM,Mercedes,56.0,1:39:42.008
Bahrain,19 Apr 2015,Lewis Hamilton,HAM,Mercedes,57.0,1:35:05.809
Spain,10 May 2015,Nico Rosberg,ROS,Mercedes,66.0,1:41:12.555
Monaco,24 May 2015,Nico Rosberg,ROS,Mercedes,78.0,1:49:18.420
Canada,07 Jun 2015,Lewis Hamilton,HAM,Mercedes,70.0,1:31:53.145
Austria,21 Jun 2015,Nico Rosberg,ROS,Mercedes,71.0,1:30:16.930
Great Britain,05 Jul 2015,Lewis Hamilton,HAM,Mercedes,52.0,1:31:27.729
Hungary,26 Jul 2015,Sebastian Vettel,VET,Ferrari,69.0,1:46:09.985
Belgium,23 Aug 2015,Lewis Hamilton,HAM,Mercedes,43.0,1:23:40.387
Italy,06 Sep 2015,Lewis Hamilton,HAM,Mercedes,53.0,1:18:00.688
Singapore,20 Sep 2015,Sebastian Vettel,VET,Ferrari,61.0,2:01:22.118
Japan,27 Sep 2015,Lewis Hamilton,HAM,Mercedes,53.0,1:28:06.508
Russia,11 Oct 2015,Lewis Hamilton,HAM,Mercedes,53.0,1:37:11.024
United States,25 Oct 2015,Lewis Hamilton,HAM,Mercedes,56.0,1:50:52.703
Mexico,01 Nov 2015,Nico Rosberg,ROS,Mercedes,71.0,1:42:35.038
Brazil,15 Nov 2015,Nico Rosberg,ROS,Mercedes,71.0,1:31:09.090
Abu Dhabi,29 Nov 2015,Nico Rosberg,ROS,Mercedes,55.0,1:38:30.175
Australia,20 Mar 2016,Nico Rosberg,ROS,Mercedes,57.0,1:48:15.565
Bahrain,03 Apr 2016,Nico Rosberg,ROS,Mercedes,57.0,1:33:34.696
China,17 Apr 2016,Nico Rosberg,ROS,Mercedes,56.0,1:38:53.891
Russia,01 May 2016,Nico Rosberg,ROS,Mercedes,53.0,1:32:41.997
Spain,15 May 2016,Max Verstappen,VES,Red Bull Racing TAG Heuer,66.0,1:41:40.017
Monaco,29 May 2016,Lewis Hamilton,HAM,Mercedes,78.0,1:59:29.133
Canada,12 Jun 2016,Lewis Hamilton,HAM,Mercedes,70.0,1:31:05.296
Europe,19 Jun 2016,Nico Rosberg,ROS,Mercedes,51.0,1:32:52.366
Austria,03 Jul 2016,Lewis Hamilton,HAM,Mercedes,71.0,1:27:38.107
Great Britain,10 Jul 2016,Lewis Hamilton,HAM,Mercedes,52.0,1:34:55.831
Hungary,24 Jul 2016,Lewis Hamilton,HAM,Mercedes,70.0,1:40:30.115
Germany,31 Jul 2016,Lewis Hamilton,HAM,Mercedes,67.0,1:30:44.200
Belgium,28 Aug 2016,Nico Rosberg,ROS,Mercedes,44.0,1:44:51.058
Italy,04 Sep 2016,Nico Rosberg,ROS,Mercedes,53.0,1:17:28.089
Singapore,18 Sep 2016,Nico Rosberg,ROS,Mercedes,61.0,1:55:48.950
Malaysia,02 Oct 2016,Daniel Ricciardo,RIC,Red Bull Racing TAG Heuer,56.0,1:37:12.776
Japan,09 Oct 2016,Nico Rosberg,ROS,Mercedes,53.0,1:26:43.333
United States,23 Oct 2016,Lewis Hamilton,HAM,Mercedes,56.0,1:38:12.618
Mexico,30 Oct 2016,Lewis Hamilton,HAM,Mercedes,71.0,1:40:31.402
Brazil,13 Nov 2016,Lewis Hamilton,HAM,Mercedes,71.0,3:01:01.335
Abu Dhabi,27 Nov 2016,Lewis Hamilton,HAM,Mercedes,55.0,1:38:04.013
Australia,26 Mar 2017,Sebastian Vettel,VET,Ferrari,57.0,1:24:11.672
China,09 Apr 2017,Lewis Hamilton,HAM,Mercedes,56.0,1:37:36.158
Bahrain,16 Apr 2017,Sebastian Vettel,VET,Ferrari,57.0,1:33:53.374
Russia,30 Apr 2017,Valtteri Bottas,BOT,Mercedes,52.0,1:28:08.743
Spain,14 May 2017,Lewis Hamilton,HAM,Mercedes,66.0,1:35:56.497
Monaco,28 May 2017,Sebastian Vettel,VET,Ferrari,78.0,1:44:44.340
Canada,11 Jun 2017,Lewis Hamilton,HAM,Mercedes,70.0,1:33:05.154
Azerbaijan,25 Jun 2017,Daniel Ricciardo,RIC,Red Bull Racing TAG Heuer,51.0,2:03:55.573
Austria,09 Jul 2017,Valtteri Bottas,BOT,Mercedes,71.0,1:21:48.523
Great Britain,16 Jul 2017,Lewis Hamilton,HAM,Mercedes,51.0,1:21:27.430
Hungary,30 Jul 2017,Sebastian Vettel,VET,Ferrari,70.0,1:39:46.713
Belgium,27 Aug 2017,Lewis Hamilton,HAM,Mercedes,44.0,1:24:42.820
Italy,03 Sep 2017,Lewis Hamilton,HAM,Mercedes,53.0,1:15:32.312
Singapore,17 Sep 2017,Lewis Hamilton,HAM,Mercedes,58.0,2:03:23.544
Malaysia,01 Oct 2017,Max Verstappen,VER,Red Bull Racing TAG Heuer,56.0,1:30:01.290
Japan,08 Oct 2017,Lewis Hamilton,HAM,Mercedes,53.0,1:27:31.194
United States,22 Oct 2017,Lewis Hamilton,HAM,Mercedes,56.0,1:33:50.991
Mexico,29 Oct 2017,Max Verstappen,VER,Red Bull Racing TAG Heuer,71.0,1:36:26.552
Brazil,12 Nov 2017,Sebastian Vettel,VET,Ferrari,71.0,1:31:26.262
Abu Dhabi,26 Nov 2017,Valtteri Bottas,BOT,Mercedes,55.0,1:34:14.062
Australia,25 Mar 2018,Sebastian Vettel,VET,Ferrari,58.0,1:29:33.283
Bahrain,08 Apr 2018,Sebastian Vettel,VET,Ferrari,57.0,1:32:01.940
China,15 Apr 2018,Daniel Ricciardo,RIC,Red Bull Racing TAG Heuer,56.0,1:35:36.380
Azerbaijan,29 Apr 2018,Lewis Hamilton,HAM,Mercedes,51.0,1:43:44.291
Spain,13 May 2018,Lewis Hamilton,HAM,Mercedes,66.0,1:35:29.972
Monaco,27 May 2018,Daniel Ricciardo,RIC,Red Bull Racing TAG Heuer,78.0,1:42:54.807
Canada,10 Jun 2018,Sebastian Vettel,VET,Ferrari,68.0,1:28:31.377
France,24 Jun 2018,Lewis Hamilton,HAM,Mercedes,53.0,1:30:11.385
Austria,01 Jul 2018,Max Verstappen,VER,Red Bull Racing TAG Heuer,71.0,1:21:56.024
Great Britain,08 Jul 2018,Sebastian Vettel,VET,Ferrari,52.0,1:27:29.784
Germany,22 Jul 2018,Lewis Hamilton,HAM,Mercedes,67.0,1:32:29.845
Hungary,29 Jul 2018,Lewis Hamilton,HAM,Mercedes,70.0,1:37:16.427
Belgium,26 Aug 2018,Sebastian Vettel,VET,Ferrari,44.0,1:23:34.476
Italy,02 Sep 2018,Lewis Hamilton,HAM,Mercedes,53.0,1:16:54.484
Singapore,16 Sep 2018,Lewis Hamilton,HAM,Mercedes,61.0,1:51:11.611
Russia,30 Sep 2018,Lewis Hamilton,HAM,Mercedes,53.0,1:27:25.181
Japan,07 Oct 2018,Lewis Hamilton,HAM,Mercedes,53.0,1:27:17.062
United States,21 Oct 2018,Kimi Räikkönen,RAI,Ferrari,56.0,1:34:18.643
Mexico,28 Oct 2018,Max Verstappen,VER,Red Bull Racing TAG Heuer,71.0,1:38:28.851
Brazil,11 Nov 2018,Lewis Hamilton,HAM,Mercedes,71.0,1:27:09.066
Abu Dhabi,25 Nov 2018,Lewis Hamilton,HAM,Mercedes,55.0,1:39:40.382
Australia,17 Mar 2019,Valtteri Bottas,BOT,Mercedes,58.0,1:25:27.325
Bahrain,31 Mar 2019,Lewis Hamilton,HAM,Mercedes,57.0,1:34:21.295
China,14 Apr 2019,Lewis Hamilton,HAM,Mercedes,56.0,1:32:06.350
Azerbaijan,28 Apr 2019,Valtteri Bottas,BOT,Mercedes,51.0,1:31:52.942
Spain,12 May 2019,Lewis Hamilton,HAM,Mercedes,66.0,1:35:50.443
Monaco,26 May 2019,Lewis Hamilton,HAM,Mercedes,78.0,1:43:28.437
Canada,09 Jun 2019,Lewis Hamilton,HAM,Mercedes,70.0,1:29:07.084
France,23 Jun 2019,Lewis Hamilton,HAM,Mercedes,53.0,1:24:31.198
Austria,30 Jun 2019,Max Verstappen,VER,Red Bull Racing Honda,71.0,1:22:01.822
Great Britain,14 Jul 2019,Lewis Hamilton,HAM,Mercedes,52.0,1:21:08.452
Germany,28 Jul 2019,Max Verstappen,VER,Red Bull Racing Honda,64.0,1:44:31.275
Hungary,04 Aug 2019,Lewis Hamilton,HAM,Mercedes,70.0,1:35:03.796
Belgium,01 Sep 2019,Charles Leclerc,LEC,Ferrari,44.0,1:23:45.710
Italy,08 Sep 2019,Charles Leclerc,LEC,Ferrari,53.0,1:15:26.665
Singapore,22 Sep 2019,Sebastian Vettel,VET,Ferrari,61.0,1:58:33.667
Russia,29 Sep 2019,Lewis Hamilton,HAM,Mercedes,53.0,1:33:38.992
Japan,13 Oct 2019,Valtteri Bottas,BOT,Mercedes,52.0,1:21:46.755
Mexico,27 Oct 2019,Lewis Hamilton,HAM,Mercedes,71.0,1:36:48.904
United States,03 Nov 2019,Valtteri Bottas,BOT,Mercedes,56.0,1:33:55.653
Brazil,17 Nov 2019,Max Verstappen,VER,Red Bull Racing Honda,71.0,1:33:14.678
Abu Dhabi,01 Dec 2019,Lewis Hamilton,HAM,Mercedes,55.0,1:34:05.715
Austria,05 Jul 2020,Valtteri Bottas,BOT,Mercedes,71.0,1:30:55.739
Styria,12 Jul 2020,Lewis Hamilton,HAM,Mercedes,71.0,1:22:50.683
Hungary,19 Jul 2020,Lewis Hamilton,HAM,Mercedes,70.0,1:36:12.473
Great Britain,02 Aug 2020,Lewis Hamilton,HAM,Mercedes,52.0,1:28:01.283
70th Anniversary,09 Aug 2020,Max Verstappen,VER,Red Bull Racing Honda,52.0,1:19:41.993
Spain,16 Aug 2020,Lewis Hamilton,HAM,Mercedes,66.0,1:31:45.279
Belgium,30 Aug 2020,Lewis Hamilton,HAM,Mercedes,44.0,1:24:08.761
Italy,06 Sep 2020,Pierre Gasly,GAS,AlphaTauri Honda,53.0,1:47:06.056
Tuscany,13 Sep 2020,Lewis Hamilton,HAM,Mercedes,59.0,2:19:35.060
Russia,27 Sep 2020,Valtteri Bottas,BOT,Mercedes,53.0,1:34:00.364
Eifel,11 Oct 2020,Lewis Hamilton,HAM,Mercedes,60.0,1:35:49.641
Portugal,25 Oct 2020,Lewis Hamilton,HAM,Mercedes,66.0,1:29:56.828
Emilia Romagna,01 Nov 2020,Lewis Hamilton,HAM,Mercedes,63.0,1:28:32.430
Turkey,15 Nov 2020,Lewis Hamilton,HAM,Mercedes,58.0,1:42:19.313
Bahrain,29 Nov 2020,Lewis Hamilton,HAM,Mercedes,57.0,2:59:47.515
Sakhir,06 Dec 2020,Sergio Perez,PER,Racing Point BWT Mercedes,87.0,1:31:15.114
Abu Dhabi,13 Dec 2020,Max Verstappen,VER,Red Bull Racing Honda,55.0,1:36:28.645
Bahrain,28 Mar 2021,Lewis Hamilton,HAM,Mercedes,56.0,1:32:03.897
Emilia Romagna,18 Apr 2021,Max Verstappen,VER,Red Bull Racing Honda,63.0,2:02:34.598
Portugal,02 May 2021,Lewis Hamilton,HAM,Mercedes,66.0,1:34:31.421
Spain,09 May 2021,Lewis Hamilton,HAM,Mercedes,66.0,1:33:07.680
Monaco,23 May 2021,Max Verstappen,VER,Red Bull Racing Honda,78.0,1:38:56.820
Azerbaijan,06 Jun 2021,Sergio Perez,PER,Red Bull Racing Honda,51.0,2:13:36.410
France,20 Jun 2021,Max Verstappen,VER,Red Bull Racing Honda,53.0,1:27:25.770
Styria,27 Jun 2021,Max Verstappen,VER,Red Bull Racing Honda,71.0,1:22:18.925
Austria,04 Jul 2021,Max Verstappen,VER,Red Bull Racing Honda,71.0,1:23:54.543
Great Britain,18 Jul 2021,Lewis Hamilton,HAM,Mercedes,52.0,1:58:23.284
Hungary,01 Aug 2021,Esteban Ocon,OCO,Alpine Renault,70.0,2:04:43.199
Belgium,29 Aug 2021,Max Verstappen,VER,Red Bull Racing Honda,1.0,0:03:27.071
Netherlands,05 Sep 2021,Max Verstappen,VER,Red Bull Racing Honda,72.0,1:30:05.395
Italy,12 Sep 2021,Daniel Ricciardo,RIC,McLaren Mercedes,53.0,1:21:54.365
Russia,26 Sep 2021,Lewis Hamilton,HAM,Mercedes,53.0,1:30:41.001
Turkey,10 Oct 2021,Valtteri Bottas,BOT,Mercedes,58.0,1:31:04.103
United States,24 Oct 2021,Max Verstappen,VER,Red Bull Racing Honda,56.0,1:34:36.552
Mexico,07 Nov 2021,Max Verstappen,VER,Red Bull Racing Honda,71.0,1:38:39.086
Brazil,14 Nov 2021,Lewis Hamilton,HAM,Mercedes,71.0,1:32:22.851
Qatar,21 Nov 2021,Lewis Hamilton,HAM,Mercedes,57.0,1:24:28.471
Saudi Arabia,05 Dec 2021,Lewis Hamilton,HAM,Mercedes,50.0,2:06:15.118
Abu Dhabi,12 Dec 2021,Max Verstappen,VER,Red Bull Racing Honda,58.0,1:30:17.345
